k_max = 5 (ÉÇÅ[Éhêî 11), N = 8,,,,,,
x, C11, C22, C33, C12, C23, C31, Cd
-6.283,0.304452592,0.370270579,0.304452592,0.249393683,0.249393683,0.31521167,15.71904789
-6.271,0.304453787,0.370278875,0.304453787,0.24939446,0.24939446,0.315219548,15.71646407
-6.258,0.304457363,0.370303723,0.304457363,0.24939679,0.24939679,0.31524315,15.70872065
-6.245,0.304463338,0.370345148,0.304463338,0.24940068,0.24940068,0.31528249,15.69584308
-6.233,0.304471721,0.37040312,0.304471721,0.249406137,0.249406137,0.315337537,15.67787261
-6.22,0.304482516,0.370477604,0.304482516,0.249413165,0.249413165,0.315408253,15.65486785
-6.208,0.304495752,0.370568585,0.304495752,0.249421779,0.249421779,0.315494611,15.62690261
-6.195,0.304511431,0.370675951,0.304511431,0.249431986,0.249431986,0.315596506,15.5940664
-6.183,0.304529601,0.370799728,0.304529601,0.24944381,0.24944381,0.315713938,15.55646407
-6.17,0.304550271,0.370939778,0.304550271,0.249457265,0.249457265,0.315846772,15.51421414
-6.157,0.304573484,0.371096104,0.304573484,0.24947237,0.24947237,0.315994989,15.46744983
-6.145,0.304599282,0.371268609,0.304599282,0.249489153,0.249489153,0.316158481,15.41631622
-6.132,0.304627684,0.371457151,0.304627684,0.249507633,0.249507633,0.316337099,15.36097124
-6.12,0.304658747,0.371661707,0.304658747,0.249527837,0.249527837,0.316530797,15.30158349
-6.107,0.30469252,0.371882154,0.30469252,0.249549801,0.249549801,0.316739435,15.23833163
-6.095,0.304729049,0.372118376,0.304729049,0.249573553,0.249573553,0.31696288,15.1714038
-6.082,0.30476838,0.372370209,0.30476838,0.249599125,0.249599125,0.317200954,15.10099585
-6.069,0.304810582,0.372637614,0.304810582,0.249626557,0.249626557,0.317453589,15.02731091
-6.057,0.304855711,0.37292041,0.304855711,0.249655885,0.249655885,0.317720583,14.95055798
-6.044,0.304903825,0.373218444,0.304903825,0.249687148,0.249687148,0.318001767,14.87095045
-6.032,0.304954995,0.373531579,0.304954995,0.24972039,0.24972039,0.318296974,14.78870586
-6.019,0.305009296,0.373859693,0.305009296,0.249755655,0.249755655,0.318606052,14.70404361
-6.006,0.305066782,0.374202549,0.305066782,0.249792984,0.249792984,0.318928752,14.61718486
-5.994,0.30512755,0.374560046,0.30512755,0.249832433,0.249832433,0.319264929,14.52835096
-5.981,0.305191659,0.37493195,0.305191659,0.249874042,0.249874042,0.319614333,14.43776263
-5.969,0.305259198,0.375318083,0.305259198,0.24991787,0.24991787,0.319976755,14.34563775
-5.956,0.305330256,0.375718298,0.305330256,0.249963965,0.249963965,0.320352007,14.25219315
-5.944,0.305404919,0.37613236,0.305404919,0.250012388,0.250012388,0.320739829,14.15763981
-5.931,0.305483266,0.376560075,0.305483266,0.250063186,0.250063186,0.321139994,14.06218582
-5.918,0.305565395,0.377001208,0.305565395,0.250116423,0.250116423,0.321552236,13.96603593
-5.906,0.305651392,0.377455564,0.305651392,0.250172151,0.250172151,0.321976323,13.86937853
-5.893,0.305741359,0.377922924,0.305741359,0.250230435,0.250230435,0.322412,13.77240545
-5.881,0.305835389,0.378403012,0.305835389,0.250291336,0.250291336,0.32285896,13.67529688
-5.868,0.305933577,0.378895621,0.305933577,0.250354912,0.250354912,0.323316956,13.57822597
-5.856,0.306036024,0.379400467,0.306036024,0.250421229,0.250421229,0.323785672,13.48135561
-5.843,0.306142842,0.37991736,0.306142842,0.250490354,0.250490354,0.324264872,13.38484022
-5.83,0.306254132,0.380446055,0.306254132,0.250562348,0.250562348,0.324754271,13.28882517
-5.818,0.306369998,0.380986243,0.306369998,0.250637281,0.250637281,0.325253526,13.19344481
-5.805,0.306490535,0.381537636,0.306490535,0.250715216,0.250715216,0.325762316,13.09882415
-5.793,0.306615864,0.382100029,0.306615864,0.250796221,0.250796221,0.326280386,13.00507851
-5.78,0.306746091,0.382673121,0.306746091,0.250880367,0.250880367,0.326807397,12.91231206
-5.767,0.306881325,0.383256648,0.306881325,0.250967719,0.250967719,0.327343041,12.82061951
-5.755,0.307021666,0.383850279,0.307021666,0.251058345,0.251058345,0.327886957,12.73008484
-5.742,0.307167239,0.384453791,0.307167239,0.251152317,0.251152317,0.328438869,12.64078266
-5.73,0.307318154,0.385066871,0.307318154,0.251249708,0.251249708,0.328998425,12.55277693
-5.717,0.307474513,0.385689219,0.307474513,0.251350579,0.251350579,0.329565285,12.46612324
-5.705,0.307636432,0.386320521,0.307636432,0.251455005,0.251455005,0.330139094,12.38086676
-5.692,0.307804022,0.386960515,0.307804022,0.251563053,0.251563053,0.330719547,12.29704438
-5.679,0.307977409,0.387608946,0.307977409,0.251674797,0.251674797,0.331306334,12.21468452
-5.667,0.308156687,0.388265409,0.308156687,0.251790304,0.251790304,0.331899025,12.13380664
-5.654,0.308341968,0.388929651,0.308341968,0.251909638,0.251909638,0.332497321,12.05442335
-5.642,0.308533367,0.38960137,0.308533367,0.252032873,0.252032873,0.333100875,11.97653964
-5.629,0.308730999,0.390280279,0.308730999,0.252160076,0.252160076,0.333709355,11.90015388
-5.617,0.308934976,0.390966066,0.308934976,0.252291316,0.252291316,0.334322405,11.82525753
-5.604,0.3091454,0.391658404,0.3091454,0.252426659,0.252426659,0.334939663,11.75183663
-5.591,0.309362373,0.392357011,0.309362373,0.252566166,0.252566166,0.335560804,11.67987264
-5.579,0.309586016,0.393061596,0.309586016,0.25270991,0.25270991,0.336185491,11.60934067
-5.566,0.309816429,0.393771833,0.309816429,0.252857953,0.252857953,0.336813358,11.54021226
-5.554,0.310053712,0.394487413,0.310053712,0.253010357,0.253010357,0.337444059,11.4724552
-5.541,0.310297982,0.395208104,0.310297982,0.253167189,0.253167189,0.338077311,11.40603386
-5.528,0.310549324,0.395933554,0.310549324,0.253328503,0.253328503,0.338712733,11.34090941
-5.516,0.310807831,0.396663422,0.310807831,0.253494358,0.253494358,0.339349948,11.27704295
-5.503,0.311073623,0.39739752,0.311073623,0.253664821,0.253664821,0.339988718,11.21438584
-5.491,0.311346787,0.398135526,0.311346787,0.253839946,0.253839946,0.340628685,11.15289557
-5.478,0.311627414,0.398877152,0.311627414,0.254019787,0.254019787,0.341269526,11.09252566
-5.466,0.311915601,0.399622131,0.311915601,0.254204402,0.254204402,0.341910932,11.03322829
-5.453,0.312211434,0.400370203,0.312211434,0.254393839,0.254393839,0.342552608,10.97495553
-5.44,0.312514995,0.401121056,0.312514995,0.254588151,0.254588151,0.343194212,10.917658
-5.428,0.312826378,0.401874498,0.312826378,0.254787386,0.254787386,0.343835506,10.86128749
-5.415,0.313145649,0.402630186,0.313145649,0.254991591,0.254991591,0.344476128,10.80579439
-5.403,0.313472907,0.403387954,0.313472907,0.255200815,0.255200815,0.345115862,10.75113034
-5.39,0.313808214,0.404147502,0.313808214,0.255415098,0.255415098,0.345754387,10.69724686
-5.378,0.314151651,0.404908646,0.314151651,0.255634484,0.255634484,0.346391479,10.6440968
-5.365,0.314503287,0.405671143,0.314503287,0.255859009,0.255859009,0.347026866,10.59163316
-5.352,0.314863175,0.406434735,0.314863175,0.256088709,0.256088709,0.347660269,10.53980991
-5.34,0.3152314,0.407199277,0.3152314,0.256323623,0.256323623,0.3482915,10.48858222
-5.327,0.315607999,0.407964484,0.315607999,0.256563779,0.256563779,0.348920264,10.4379059
-5.315,0.315993049,0.408730256,0.315993049,0.256809209,0.256809209,0.349546415,10.38773871
-5.302,0.316386604,0.409496371,0.316386604,0.257059945,0.257059945,0.350169712,10.33803834
-5.289,0.316788691,0.410262616,0.316788691,0.257316003,0.257316003,0.350789927,10.28876528
-5.277,0.317199377,0.411028876,0.317199377,0.257577412,0.257577412,0.351406911,10.23987987
-5.264,0.317618706,0.411795003,0.317618706,0.257844195,0.257844195,0.352020491,10.19134472
-5.252,0.318046705,0.41256082,0.318046705,0.258116363,0.258116363,0.352630477,10.14312327
-5.239,0.31848341,0.413326205,0.31848341,0.258393932,0.258393932,0.353236726,10.09518087
-5.227,0.318928863,0.414091058,0.318928863,0.258676918,0.258676918,0.353839114,10.04748342
-5.214,0.319383071,0.414855212,0.319383071,0.258965326,0.258965326,0.354437466,9.999999115
-5.201,0.319846081,0.415618645,0.319846081,0.259259166,0.259259166,0.355031731,9.952696911
-5.189,0.320317901,0.416381232,0.320317901,0.259558444,0.259558444,0.355621774,9.905547494
-5.176,0.320798537,0.417142879,0.320798537,0.259863153,0.259863153,0.356207494,9.858522973
-5.164,0.321288015,0.417903558,0.321288015,0.260173299,0.260173299,0.356788843,9.811596876
-5.151,0.32178634,0.418663224,0.32178634,0.260488877,0.260488877,0.357365761,9.764743942
-5.139,0.3222935,0.419421768,0.3222935,0.260809876,0.260809876,0.357938144,9.717940754
-5.126,0.322809514,0.420179265,0.322809514,0.26113629,0.26113629,0.358506041,9.671165461
-5.113,0.32333436,0.420935627,0.32333436,0.261468102,0.261468102,0.35906937,9.624397477
-5.101,0.323868008,0.421690861,0.323868008,0.261805281,0.261805281,0.359628135,9.577619351
-5.088,0.3244105,0.422445041,0.3244105,0.262147844,0.262147844,0.360182385,9.530810917
-5.076,0.32496178,0.423198102,0.32496178,0.262495749,0.262495749,0.36073207,9.483957463
-5.063,0.325521828,0.423950124,0.325521828,0.262848971,0.262848971,0.361277267,9.437045504
-5.05,0.326090623,0.424701137,0.326090623,0.263207485,0.263207485,0.361818,9.390062131
-5.038,0.326668135,0.425451258,0.326668135,0.263571261,0.263571261,0.362354385,9.342997148
-5.025,0.327254322,0.42620051,0.327254322,0.263940264,0.263940264,0.362886452,9.295841077
-5.013,0.327849154,0.426949012,0.327849154,0.264314461,0.264314461,0.36341432,9.248586958
-5,0.328452574,0.427696839,0.328452574,0.264693809,0.264693809,0.363938073,9.201229083
-4.988,0.329064547,0.428444116,0.329064547,0.26507827,0.26507827,0.364457839,9.153763699
-4.975,0.329684997,0.429190926,0.329684997,0.265467791,0.265467791,0.36497372,9.106188969
-4.962,0.330313902,0.429937488,0.330313902,0.265862338,0.265862338,0.365485924,9.058504351
-4.95,0.330951179,0.430683909,0.330951179,0.26626185,0.26626185,0.36599458,9.01071173
-4.937,0.331596766,0.431430319,0.331596766,0.266666279,0.266666279,0.366499832,8.962813818
-4.925,0.332250594,0.432176932,0.332250594,0.267075566,0.267075566,0.367001904,8.914816125
-4.912,0.332912594,0.432923892,0.332912594,0.267489657,0.267489657,0.367500955,8.866724542
-4.9,0.333582699,0.433671486,0.333582699,0.26790849,0.26790849,0.367997278,8.818548226
-4.887,0.334260812,0.434419808,0.334260812,0.268332,0.268332,0.368490997,8.770295919
-4.874,0.334946859,0.435169162,0.334946859,0.268760122,0.268760122,0.368982424,8.721980135
-4.862,0.335640751,0.435919691,0.335640751,0.269192789,0.269192789,0.36947173,8.673612352
-4.849,0.336342399,0.436671754,0.336342399,0.269629928,0.269629928,0.369959282,8.625208127
-4.837,0.337051703,0.437425444,0.337051703,0.270071469,0.270071469,0.37044521,8.576781374
-4.824,0.337768566,0.438181163,0.337768566,0.27051733,0.27051733,0.370929928,8.528350439
-4.811,0.338492902,0.438939088,0.338492902,0.270967447,0.270967447,0.371413633,8.479931146
-4.799,0.339224586,0.439699585,0.339224586,0.271421723,0.271421723,0.371896722,8.431544244
-4.786,0.339963528,0.440462837,0.339963528,0.271880092,0.271880092,0.3723794,8.38320732
-4.774,0.340709598,0.441229222,0.340709598,0.272342455,0.272342455,0.372862079,8.334942785
-4.761,0.34146271,0.441998982,0.34146271,0.272808744,0.272808744,0.373345015,8.286769462
-4.749,0.342222716,0.442772487,0.342222716,0.273278851,0.273278851,0.373828622,8.238711051
-4.736,0.342989528,0.443549989,0.342989528,0.273752707,0.273752707,0.374313168,8.190787378
-4.723,0.343763003,0.44433192,0.343763003,0.274230202,0.274230202,0.374799119,8.143022706
-4.711,0.344543039,0.445118484,0.344543039,0.274711263,0.274711263,0.375286708,8.095437171
-4.698,0.345329442,0.445910104,0.345329442,0.275195751,0.275195751,0.375776413,8.048057266
-4.686,0.34612219,0.446707127,0.34612219,0.275683634,0.275683634,0.376268571,8.000899626
-4.673,0.34692109,0.447509842,0.34692109,0.276174781,0.276174781,0.376763533,7.953989034
-4.661,0.347726024,0.448318659,0.347726024,0.276669098,0.276669098,0.377261734,7.907346803
-4.648,0.348536867,0.449133958,0.348536867,0.277166489,0.277166489,0.37776358,7.860994541
-4.635,0.349353465,0.449956046,0.349353465,0.277666847,0.277666847,0.378269428,7.814952611
-4.623,0.35017569,0.450785328,0.35017569,0.278170072,0.278170072,0.378779711,7.769241461
-4.61,0.351003407,0.451622191,0.351003407,0.278676064,0.278676064,0.379294848,7.723880082
-4.598,0.351836475,0.452467006,0.351836475,0.279184717,0.279184717,0.379815248,7.678887443
-4.585,0.35267475,0.453320123,0.35267475,0.279695929,0.279695929,0.380341302,7.634280813
-4.572,0.353518085,0.454181941,0.353518085,0.28020959,0.28020959,0.380873445,7.590077406
-4.56,0.354366357,0.455052878,0.354366357,0.280725602,0.280725602,0.381412124,7.546292651
-4.547,0.355219421,0.455933334,0.355219421,0.28124386,0.28124386,0.381957773,7.502941464
-4.535,0.356077118,0.456823633,0.356077118,0.281764252,0.281764252,0.382510767,7.460037544
-4.522,0.356939317,0.4577242,0.356939317,0.282286676,0.282286676,0.38307156,7.417593477
-4.51,0.357805866,0.458635417,0.357805866,0.282811023,0.282811023,0.383640574,7.375620867
-4.497,0.358676636,0.459557713,0.358676636,0.283337191,0.283337191,0.384218268,7.334130178
-4.484,0.359551477,0.460491448,0.359551477,0.283865073,0.283865073,0.384805045,7.29313058
-4.472,0.360430249,0.461437028,0.360430249,0.284394564,0.284394564,0.385401343,7.25263032
-4.459,0.361312803,0.462394826,0.361312803,0.284925556,0.284925556,0.386007578,7.212636559
-4.447,0.362199014,0.463365264,0.362199014,0.28545795,0.28545795,0.3866242,7.173155321
-4.434,0.363088733,0.464348717,0.363088733,0.285991639,0.285991639,0.387251623,7.134191592
-4.422,0.363981816,0.465345552,0.363981816,0.286526517,0.286526517,0.387890253,7.09574971
-4.409,0.364878138,0.466356193,0.364878138,0.287062488,0.287062488,0.388540543,7.057832244
-4.396,0.365777548,0.467380981,0.365777548,0.287599443,0.287599443,0.389202876,7.020441734
-4.384,0.366679926,0.468420324,0.366679926,0.288137288,0.288137288,0.389877687,6.983579038
-4.371,0.367585142,0.469474637,0.367585142,0.288675923,0.288675923,0.390565418,6.947244838
-4.359,0.368493052,0.470544228,0.368493052,0.289215246,0.289215246,0.391266423,6.911438587
-4.346,0.369403529,0.471629474,0.369403529,0.289755163,0.289755163,0.391981108,6.876159131
-4.333,0.370316465,0.472730809,0.370316465,0.290295582,0.290295582,0.392709926,6.84140464
-4.321,0.371231718,0.473848529,0.371231718,0.290836405,0.290836405,0.393453216,6.807172469
-4.308,0.372149174,0.474983008,0.372149174,0.291377543,0.291377543,0.394211377,6.773459545
-4.296,0.373068718,0.476134631,0.373068718,0.291918904,0.291918904,0.394984817,6.740262223
-4.283,0.373990193,0.477303615,0.373990193,0.292460383,0.292460383,0.395773805,6.707577248
-4.271,0.374913556,0.478490487,0.374913556,0.293001928,0.293001928,0.396578858,6.675397719
-4.258,0.375838667,0.479695502,0.375838667,0.293543438,0.293543438,0.397400273,6.64371951
-4.245,0.376765426,0.480919007,0.376765426,0.294084835,0.294084835,0.398238416,6.612537065
-4.233,0.377693725,0.482161317,0.377693725,0.294626035,0.294626035,0.399093627,6.581844283
-4.22,0.378623463,0.483422732,0.378623463,0.295166961,0.295166961,0.399966231,6.551635165
-4.208,0.379554549,0.484703583,0.379554549,0.29570754,0.29570754,0.400856574,6.52190282
-4.195,0.380486889,0.486004155,0.380486889,0.296247698,0.296247698,0.401764964,6.492640466
-4.183,0.381420403,0.487324772,0.381420403,0.296787367,0.296787367,0.402691736,6.463840806
-4.17,0.382355003,0.488665714,0.382355003,0.297326478,0.297326478,0.403637189,6.435496462
-4.157,0.383290608,0.490027245,0.383290608,0.297864966,0.297864966,0.404601604,6.407599971
-4.145,0.38422715,0.491409644,0.38422715,0.298402775,0.298402775,0.405585269,6.380143087
-4.132,0.385164562,0.492813188,0.385164562,0.298939845,0.298939845,0.406588471,6.353117939
-4.12,0.386102769,0.494238123,0.386102769,0.299476115,0.299476115,0.407611468,6.326516644
-4.107,0.387041715,0.49568468,0.387041715,0.300011536,0.300011536,0.408654501,6.300330626
-4.094,0.38798135,0.497153133,0.38798135,0.30054606,0.30054606,0.409717844,6.274551564
-4.082,0.388921621,0.498643678,0.388921621,0.301079642,0.301079642,0.4108017,6.249170623
-4.069,0.389862473,0.500156538,0.389862473,0.301612232,0.301612232,0.411906297,6.2241796
-4.057,0.39080388,0.501691927,0.39080388,0.3021438,0.3021438,0.413031847,6.199569368
-4.044,0.391745799,0.503250041,0.391745799,0.302674302,0.302674302,0.414178545,6.175331537
-4.032,0.392688201,0.504831071,0.392688201,0.303203709,0.303203709,0.415346579,6.151457349
-4.019,0.39363106,0.506435174,0.39363106,0.30373199,0.30373199,0.416536104,6.127937946
-4.006,0.394574357,0.50806253,0.394574357,0.304259119,0.304259119,0.417747292,6.104764462
-3.994,0.395518079,0.509713289,0.395518079,0.304785073,0.304785073,0.418980283,6.081928724
-3.981,0.396462193,0.511387597,0.396462193,0.305309818,0.305309818,0.420235222,6.05942239
-3.969,0.397406743,0.513085588,0.397406743,0.305833368,0.305833368,0.421512213,6.03723611
-3.956,0.398351706,0.514807353,0.398351706,0.306355697,0.306355697,0.422811345,6.015362014
-3.944,0.399297088,0.516553048,0.399297088,0.306876793,0.306876793,0.424132752,5.993792266
-3.931,0.400242906,0.518322725,0.400242906,0.307396653,0.307396653,0.425476472,5.972518953
-3.918,0.401189174,0.52011647,0.401189174,0.307915275,0.307915275,0.42684257,5.95153428
-3.906,0.402135921,0.521934364,0.402135921,0.308432662,0.308432662,0.428231104,5.930831339
-3.893,0.403083175,0.523776458,0.403083175,0.308948818,0.308948818,0.429642101,5.91040296
-3.881,0.404030968,0.525642798,0.404030968,0.30946375,0.30946375,0.43107558,5.890242821
-3.868,0.404979345,0.527533421,0.404979345,0.309977475,0.309977475,0.432531551,5.870344635
-3.855,0.405928341,0.529448282,0.405928341,0.310490004,0.310490004,0.434009945,5.850702574
-3.843,0.406878022,0.531387465,0.406878022,0.311001359,0.311001359,0.435510802,5.831311773
-3.83,0.407828439,0.533350911,0.407828439,0.311511564,0.311511564,0.437034036,5.812167359
-3.818,0.408779652,0.535338606,0.408779652,0.312020643,0.312020643,0.438579596,5.79326533
-3.805,0.409731728,0.537350487,0.409731728,0.312528625,0.312528625,0.440147384,5.774601823
-3.793,0.410684739,0.539386516,0.410684739,0.313035543,0.313035543,0.441737321,5.756174284
-3.78,0.411638746,0.541446589,0.411638746,0.313541425,0.313541425,0.443349267,5.737980535
-3.767,0.412593868,0.543530667,0.412593868,0.314046328,0.314046328,0.444983128,5.720017913
-3.755,0.413550175,0.54563865,0.413550175,0.314550286,0.314550286,0.446638761,5.702286005
-3.742,0.414507757,0.547770365,0.414507757,0.315053345,0.315053345,0.448315954,5.684784093
-3.73,0.415466715,0.549925737,0.415466715,0.315555553,0.315555553,0.450014575,5.667512953
-3.717,0.41642715,0.552104598,0.41642715,0.316056961,0.316056961,0.451734409,5.650473015
-3.705,0.417389169,0.554306802,0.417389169,0.316557623,0.316557623,0.453475256,5.633666356
-3.692,0.418352879,0.556532123,0.418352879,0.317057598,0.317057598,0.455236841,5.617094671
-3.679,0.419318396,0.558780393,0.419318396,0.317556943,0.317556943,0.45701894,5.600761147
-3.667,0.420285848,0.56105145,0.420285848,0.318055723,0.318055723,0.458821325,5.5846695
-3.654,0.42125535,0.563345006,0.42125535,0.318554003,0.318554003,0.460643658,5.568823256
-3.642,0.42222703,0.565660831,0.42222703,0.319051849,0.319051849,0.46248565,5.553227223
-3.629,0.423201025,0.567998693,0.423201025,0.319549334,0.319549334,0.464347002,5.537886739
-3.616,0.424177467,0.57035831,0.424177467,0.320046527,0.320046527,0.46622737,5.52280761
-3.604,0.425156494,0.572739381,0.425156494,0.320543505,0.320543505,0.468126393,5.507995436
-3.591,0.42613825,0.575141649,0.42613825,0.321040341,0.321040341,0.47004374,5.493457475
-3.579,0.42712288,0.577564753,0.42712288,0.321537118,0.321537118,0.47197899,5.479200062
-3.566,0.428110517,0.58000828,0.428110517,0.322033908,0.322033908,0.473931671,5.465230951
-3.554,0.429101339,0.582472074,0.429101339,0.322530802,0.322530802,0.475901537,5.451557271
-3.541,0.430095491,0.584955676,0.430095491,0.323027882,0.323027882,0.477888067,5.438186822
-3.528,0.431093123,0.587458742,0.431093123,0.323525226,0.323525226,0.479890845,5.425128179
-3.516,0.432094397,0.589980839,0.432094397,0.324022926,0.324022926,0.481909368,5.412388855
-3.503,0.433099471,0.592521579,0.433099471,0.324521068,0.324521068,0.483943176,5.399977068
-3.491,0.434108509,0.595080556,0.434108509,0.325019738,0.325019738,0.485991786,5.387901526
-3.478,0.435121677,0.597657335,0.435121677,0.325519029,0.325519029,0.488054688,5.376170146
-3.466,0.436139137,0.600251475,0.436139137,0.326019027,0.326019027,0.490131366,5.364791316
-3.453,0.437161056,0.602862517,0.437161056,0.326519824,0.326519824,0.492221284,5.353773209
-3.44,0.438187602,0.605489977,0.438187602,0.327021511,0.327021511,0.494323887,5.34312355
-3.428,0.439218945,0.60813342,0.439218945,0.327524178,0.327524178,0.496438653,5.332850694
-3.415,0.440255252,0.610792309,0.440255252,0.328027919,0.328027919,0.498564975,5.322961783
-3.403,0.441296693,0.613466181,0.441296693,0.32853282,0.32853282,0.500702309,5.313464845
-3.39,0.442343441,0.616154492,0.442343441,0.32903898,0.32903898,0.502850031,5.304366461
-3.377,0.443395658,0.618856741,0.443395658,0.329546483,0.329546483,0.505007566,5.295673825
-3.365,0.444453493,0.621572383,0.444453493,0.330055407,0.330055407,0.507174298,5.287393499
-3.352,0.44551717,0.62430083,0.44551717,0.330565879,0.330565879,0.509349539,5.27953196
-3.34,0.446586813,0.627041711,0.446586813,0.331077954,0.331077954,0.511532852,5.272094716
-3.327,0.447662611,0.629794254,0.447662611,0.33159174,0.33159174,0.513723383,5.265088442
-3.315,0.448744708,0.632558089,0.448744708,0.332107307,0.332107307,0.515920689,5.258516811
-3.302,0.449833288,0.635332478,0.449833288,0.332624757,0.332624757,0.518123946,5.25238656
-3.289,0.450928491,0.638117012,0.450928491,0.333144157,0.333144157,0.520332678,5.246700562
-3.277,0.452030502,0.64091095,0.452030502,0.333665608,0.333665608,0.522546056,5.241464516
-3.264,0.453139449,0.643713884,0.453139449,0.33418917,0.33418917,0.524763605,5.236680941
-3.252,0.454255518,0.646525042,0.454255518,0.334714945,0.334714945,0.526984469,5.232354458
-3.239,0.45537883,0.649344058,0.45537883,0.335242984,0.335242984,0.529208211,5.228487432
-3.227,0.456509564,0.652170101,0.456509564,0.335773387,0.335773387,0.531433924,5.225083021
-3.214,0.457647836,0.655002838,0.457647836,0.336306201,0.336306201,0.533661203,5.222143432
-3.201,0.458793818,0.657841432,0.458793818,0.336841521,0.336841521,0.535889135,5.21967093
-3.189,0.459947622,0.660685509,0.459947622,0.337379391,0.337379391,0.538117279,5.217667051
-3.176,0.461109396,0.663534373,0.461109396,0.337919885,0.337919885,0.540344862,5.216133509
-3.164,0.462279243,0.666387438,0.462279243,0.338463051,0.338463051,0.542571245,5.215071097
-3.151,0.463457338,0.669244192,0.463457338,0.339008969,0.339008969,0.544795823,5.214480652
-3.138,0.464643777,0.672104021,0.464643777,0.339557684,0.339557684,0.547017928,5.214362453
-3.126,0.465838675,0.674966379,0.465838675,0.340109242,0.340109242,0.549236946,5.214716804
-3.113,0.467042143,0.677830694,0.467042143,0.340663692,0.340663692,0.551452243,5.215543288
-3.101,0.468254285,0.680696424,0.468254285,0.341221075,0.341221075,0.553663213,5.216841461
-3.088,0.469475203,0.683563015,0.469475203,0.341781431,0.341781431,0.555869244,5.218610288
-3.076,0.470704987,0.686429944,0.470704987,0.342344795,0.342344795,0.558069752,5.22084866
-3.063,0.471943726,0.689296684,0.471943726,0.342911195,0.342911195,0.560264153,5.223554949
-3.05,0.473191501,0.69216272,0.473191501,0.343480659,0.343480659,0.562451879,5.226727175
-3.038,0.474448386,0.695027561,0.474448386,0.344053206,0.344053206,0.564632382,5.230363229
-3.025,0.475714447,0.697890729,0.475714447,0.344628853,0.344628853,0.566805135,5.234460608
-3.013,0.476989747,0.700751734,0.476989747,0.345207613,0.345207613,0.5689696,5.239016035
-3,0.478274338,0.703610111,0.478274338,0.345789493,0.345789493,0.571125266,5.24402613
-2.988,0.479568265,0.706465451,0.479568265,0.346374491,0.346374491,0.573271677,5.24948779
-2.975,0.480871568,0.709317312,0.480871568,0.346962605,0.346962605,0.575408349,5.255396536
-2.962,0.48218426,0.71216518,0.48218426,0.347553825,0.347553825,0.577534745,5.261747928
-2.95,0.483506395,0.71500888,0.483506395,0.34814814,0.34814814,0.579650624,5.268537335
-2.937,0.484837972,0.717847954,0.484837972,0.348745524,0.348745524,0.581755506,5.275759947
-2.925,0.486178999,0.720682036,0.486178999,0.349345956,0.349345956,0.583848994,5.283409954
-2.912,0.487529468,0.7235108,0.487529468,0.349949402,0.349949402,0.585930733,5.291481562
-2.899,0.488889373,0.726333963,0.488889373,0.350555823,0.350555823,0.588000413,5.299968955
-2.887,0.490258691,0.729151219,0.490258691,0.351165178,0.351165178,0.590057706,5.30886519
-2.874,0.491637394,0.731962319,0.491637394,0.351777414,0.351777414,0.59210234,5.318163942
-2.862,0.493025441,0.734767024,0.493025441,0.352392477,0.352392477,0.59413406,5.327857896
-2.849,0.494422787,0.737565126,0.494422787,0.353010306,0.353010306,0.596152644,5.337939746
-2.837,0.495829375,0.740356433,0.495829375,0.35363083,0.35363083,0.598157888,5.348401903
-2.824,0.497245138,0.7431408,0.497245138,0.354253976,0.354253976,0.600149638,5.359236716
-2.811,0.498669999,0.745918088,0.498669999,0.35487966,0.35487966,0.602127749,5.370436221
-2.799,0.500103873,0.748688194,0.500103873,0.355507797,0.355507797,0.604092118,5.381992295
-2.786,0.501546661,0.751451035,0.501546661,0.356138289,0.356138289,0.606042662,5.393896912
-2.774,0.502998264,0.754206565,0.502998264,0.356771039,0.356771039,0.60797934,5.406141513
-2.761,0.504458561,0.756954761,0.504458561,0.357405937,0.357405937,0.609902137,5.418717945
-2.749,0.505927401,0.759695612,0.505927401,0.358042855,0.358042855,0.611811066,5.431617949
-2.736,0.507404699,0.762429199,0.507404699,0.358681699,0.358681699,0.613706199,5.444833543
-2.723,0.508890289,0.765155564,0.508890289,0.35932233,0.35932233,0.615587606,5.458356402
-2.711,0.510384009,0.767874821,0.510384009,0.359964611,0.359964611,0.617455423,5.472178856
-2.698,0.511885695,0.770587081,0.511885695,0.360608402,0.360608402,0.619309788,5.48629305
-2.686,0.513395167,0.773292494,0.513395167,0.361253554,0.361253554,0.621150882,5.500691674
-2.673,0.51491224,0.775991287,0.51491224,0.361899912,0.361899912,0.622978959,5.515367757
-2.66,0.516436715,0.778683632,0.516436715,0.362547316,0.362547316,0.624794233,5.530314184
-2.648,0.517968386,0.781369802,0.517968386,0.363195599,0.363195599,0.626597014,5.545524744
-2.635,0.519507032,0.784050091,0.519507032,0.363844582,0.363844582,0.62838764,5.560993653
-2.623,0.521052427,0.786724783,0.521052427,0.364494088,0.364494088,0.630166444,5.576715295
-2.61,0.522604333,0.789394255,0.522604333,0.365143928,0.365143928,0.63193385,5.592684724
-2.598,0.524162498,0.792058877,0.524162498,0.365793905,0.365793905,0.633690284,5.608898141
-2.585,0.525726667,0.794719037,0.525726667,0.366443823,0.366443823,0.635436192,5.625350938
-2.572,0.527296561,0.797375161,0.527296561,0.36709347,0.36709347,0.63717207,5.642040427
-2.56,0.528871911,0.800027772,0.528871911,0.367742633,0.367742633,0.638898493,5.658964118
-2.547,0.530452397,0.802677284,0.530452397,0.368391082,0.368391082,0.64061597,5.676119316
-2.535,0.532037777,0.805324322,0.532037777,0.369038618,0.369038618,0.642325163,5.693505703
-2.522,0.533627712,0.807969401,0.533627712,0.369684992,0.369684992,0.644026681,5.711122494
-2.51,0.535221883,0.810613118,0.535221883,0.370329967,0.370329967,0.645721202,5.728969809
-2.497,0.536819968,0.813256094,0.536819968,0.370973302,0.370973302,0.647409429,5.747048001
-2.484,0.538421628,0.815898991,0.538421628,0.371614747,0.371614747,0.64909211,5.765358738
-2.472,0.540026511,0.818542473,0.540026511,0.372254042,0.372254042,0.650770004,5.783904035
-2.459,0.541634269,0.821187237,0.541634269,0.372890935,0.372890935,0.652443903,5.802686252
-2.447,0.54324453,0.823834036,0.54324453,0.373525152,0.373525152,0.654114657,5.821709109
-2.434,0.544856934,0.826483647,0.544856934,0.374156428,0.374156428,0.655783141,5.840976296
-2.421,0.546471091,0.829136844,0.546471091,0.374784485,0.374784485,0.657450238,5.860492006
-2.409,0.548086613,0.831794449,0.548086613,0.375409042,0.375409042,0.659116878,5.880261506
-2.396,0.549703107,0.834457319,0.549703107,0.376029816,0.376029816,0.660784028,5.900289998
-2.384,0.551320162,0.83712629,0.551320162,0.376646516,0.376646516,0.662452644,5.920583252
-2.371,0.552937376,0.839802316,0.552937376,0.377258849,0.377258849,0.664123788,5.941148134
-2.359,0.554554314,0.842486282,0.554554314,0.377866511,0.377866511,0.665798479,5.961991033
-2.346,0.556170536,0.845179101,0.556170536,0.378469199,0.378469199,0.667477763,5.983118396
-2.333,0.557785655,0.847881818,0.557785655,0.379066622,0.379066622,0.669162784,6.004538986
-2.321,0.559399213,0.850595424,0.559399213,0.379658464,0.379658464,0.670854675,6.026259933
-2.308,0.561010764,0.85332093,0.561010764,0.380244412,0.380244412,0.672554578,6.04828922
-2.296,0.562619847,0.856059336,0.562619847,0.38082415,0.38082415,0.674263638,6.070634667
-2.283,0.564226017,0.858811755,0.564226017,0.381397361,0.381397361,0.675983099,6.093305064
-2.271,0.565828804,0.861579217,0.565828804,0.381963726,0.381963726,0.677714139,6.116308405
-2.258,0.567427743,0.864362867,0.567427743,0.38252292,0.38252292,0.679458044,6.139653685
-2.245,0.569022363,0.867163808,0.569022363,0.383074618,0.383074618,0.681216063,6.16334949
-2.233,0.57061219,0.869983188,0.57061219,0.383618496,0.383618496,0.682989494,6.187404465
-2.22,0.572196748,0.872822194,0.572196748,0.384154225,0.384154225,0.684779671,6.211827459
-2.208,0.573775552,0.875681965,0.573775552,0.384681478,0.384681478,0.686587891,6.236626779
-2.195,0.575348116,0.878563729,0.575348116,0.385199921,0.385199921,0.688415534,6.261811869
-2.182,0.576913953,0.88146867,0.576913953,0.385709229,0.385709229,0.690263946,6.287390851
-2.17,0.57847257,0.884398023,0.57847257,0.386209066,0.386209066,0.692134519,6.313372354
-2.157,0.580023484,0.887353053,0.580023484,0.386699105,0.386699105,0.694028675,6.339764952
-2.145,0.581566167,0.890334938,0.581566167,0.387179006,0.387179006,0.695947777,6.366576575
-2.132,0.583100184,0.89334509,0.583100184,0.387648454,0.387648454,0.697893361,6.393816607
-2.12,0.58462501,0.896384707,0.58462501,0.388107114,0.388107114,0.699866812,6.421492122
-2.107,0.586140159,0.899455135,0.586140159,0.388554658,0.388554658,0.701869634,6.449611808
-2.094,0.587645121,0.902557612,0.587645121,0.388990757,0.388990757,0.703903249,6.478182714
-2.082,0.589139414,0.90569352,0.589139414,0.389415087,0.389415087,0.705969192,6.507212896
-2.069,0.590622544,0.908864164,0.590622544,0.389827325,0.389827325,0.708068946,6.536709272
-2.057,0.592094019,0.91207089,0.592094019,0.390227153,0.390227153,0.710204024,6.56667926
-2.044,0.593553358,0.915315067,0.593553358,0.390614254,0.390614254,0.712375962,6.597129285
-2.032,0.595000059,0.918598012,0.595000059,0.390988307,0.390988307,0.714586261,6.628066138
-2.019,0.596433646,0.921921093,0.596433646,0.391349007,0.391349007,0.716836454,6.659495677
-2.006,0.597853644,0.925285717,0.597853644,0.391696044,0.391696044,0.719128117,6.691423841
-1.994,0.599259584,0.928693279,0.599259584,0.392029119,0.392029119,0.721462813,6.723856155
-1.981,0.60065096,0.932145082,0.60065096,0.392347921,0.392347921,0.723842043,6.756797188
-1.969,0.602027348,0.935642573,0.602027348,0.392652169,0.392652169,0.726267395,6.790251765
-1.956,0.603388271,0.939187148,0.603388271,0.39294157,0.39294157,0.728740447,6.824223781
-1.943,0.60473327,0.942780185,0.60473327,0.393215836,0.393215836,0.731262751,6.85871683
-1.931,0.6060619,0.946423091,0.6060619,0.393474692,0.393474692,0.733835883,6.893733523
-1.918,0.607373722,0.950117287,0.607373722,0.393717865,0.393717865,0.73646143,6.929276236
-1.906,0.608668283,0.953864108,0.608668283,0.393945084,0.393945084,0.73914091,6.965346333
-1.893,0.60994516,0.95766497,0.60994516,0.394156092,0.394156092,0.741875902,7.001944759
-1.881,0.611203932,0.961521281,0.611203932,0.394350635,0.394350635,0.744667984,7.039070822
-1.868,0.61244421,0.965434494,0.61244421,0.394528472,0.394528472,0.747518756,7.076724996
-1.855,0.613665569,0.969405937,0.613665569,0.39468936,0.39468936,0.750429728,7.114905104
-1.843,0.614867618,0.973437005,0.614867618,0.39483307,0.39483307,0.753402458,7.153608293
-1.83,0.616049965,0.977529061,0.616049965,0.394959376,0.394959376,0.756438472,7.19283127
-1.818,0.617212249,0.981683527,0.617212249,0.395068069,0.395068069,0.759539347,7.2325694
-1.805,0.618354099,0.985901744,0.618354099,0.395158941,0.395158941,0.762706586,7.272817183
-1.793,0.619475161,0.990185097,0.619475161,0.395231793,0.395231793,0.765941729,7.313568089
-1.78,0.620575089,0.99453487,0.620575089,0.395286443,0.395286443,0.769246224,7.354814127
-1.767,0.621653551,0.998952473,0.621653551,0.395322703,0.395322703,0.772621625,7.39654706
-1.755,0.622710242,1.003439248,0.622710242,0.395340414,0.395340414,0.77606942,7.438756768
-1.742,0.623744835,1.007996451,0.623744835,0.39533941,0.39533941,0.779591026,7.481432204
-1.73,0.624757049,1.012625422,0.624757049,0.395319548,0.395319548,0.783187921,7.52456136
-1.717,0.625746603,1.017327463,0.625746603,0.395280689,0.395280689,0.786861549,7.568131121
-1.704,0.626713221,1.022103797,0.626713221,0.395222705,0.395222705,0.790613281,7.612127069
-1.692,0.627656637,1.026955659,0.627656637,0.395145474,0.395145474,0.794444496,7.65653414
-1.679,0.628576619,1.031884304,0.628576619,0.395048898,0.395048898,0.798356583,7.701335609
-1.667,0.629472957,1.036891003,0.629472957,0.394932882,0.394932882,0.802350927,7.746514841
-1.654,0.630345414,1.041976864,0.630345414,0.394797337,0.394797337,0.806428787,7.792053432
-1.642,0.631193813,1.047143125,0.631193813,0.394642201,0.394642201,0.810591512,7.837932438
-1.629,0.632017939,1.052390813,0.632017939,0.394467403,0.394467403,0.814840277,7.884132118
-1.616,0.632817646,1.057721111,0.632817646,0.394272904,0.394272904,0.819176369,7.930631951
-1.604,0.633592778,1.063135095,0.633592778,0.394058668,0.394058668,0.823600985,7.977411069
-1.591,0.634343196,1.068633819,0.634343196,0.393824672,0.393824672,0.828115294,8.02444795
-1.579,0.635068759,1.074218186,0.635068759,0.393570904,0.393570904,0.832720331,8.071720334
-1.566,0.635769375,1.079889318,0.635769375,0.39329736,0.39329736,0.837417303,8.119206827
-1.554,0.636444954,1.085648114,0.636444954,0.393004063,0.393004063,0.842207222,8.166884692
-1.541,0.63709542,1.091495485,0.63709542,0.392691036,0.392691036,0.847091101,8.214731676
-1.528,0.637720699,1.097432248,0.637720699,0.392358317,0.392358317,0.852069866,8.262725453
-1.516,0.638320769,1.103459295,0.638320769,0.392005965,0.392005965,0.857144491,8.310844023
-1.503,0.63889558,1.109577314,0.63889558,0.391634039,0.391634039,0.862315774,8.359065617
-1.491,0.639445128,1.115787074,0.639445128,0.39124262,0.39124262,0.867584567,8.407368943
-1.478,0.639969431,1.122089238,0.639969431,0.390831811,0.390831811,0.872951617,8.455732976
-1.465,0.640468488,1.12848448,0.640468488,0.390401694,0.390401694,0.878417686,8.504138467
-1.453,0.64094235,1.13497335,0.64094235,0.389952401,0.389952401,0.883983401,8.55256583
-1.44,0.641391057,1.141556325,0.641391057,0.389484057,0.389484057,0.889649325,8.600996873
-1.428,0.641814697,1.148233923,0.641814697,0.388996812,0.388996812,0.895416038,8.649414265
-1.415,0.642213341,1.155006511,0.642213341,0.388490818,0.388490818,0.901283988,8.697802148
-1.403,0.642587098,1.161874446,0.642587098,0.387966246,0.387966246,0.907253595,8.746145652
-1.39,0.642936083,1.168837981,0.642936083,0.38742328,0.38742328,0.913325179,8.794431207
-1.377,0.643260425,1.175897292,0.643260425,0.386862117,0.386862117,0.919498984,8.842646212
-1.365,0.643560272,1.183052538,0.643560272,0.386282958,0.386282958,0.925775224,8.8907813
-1.352,0.643835801,1.190303829,0.643835801,0.385686031,0.385686031,0.93215406,8.938826779
-1.34,0.644087179,1.197651102,0.644087179,0.385071566,0.385071566,0.938635489,8.986775424
-1.327,0.644314609,1.205094279,0.644314609,0.384439811,0.384439811,0.945219481,9.034621157
-1.315,0.644518296,1.212633179,0.644518296,0.383791024,0.383791024,0.951905907,9.082360036
-1.302,0.644698459,1.22026755,0.644698459,0.383125472,0.383125472,0.958694563,9.129989869
-1.289,0.644855356,1.227997088,0.644855356,0.382443447,0.382443447,0.965585179,9.177509636
-1.277,0.644989217,1.235821254,0.644989217,0.38174524,0.38174524,0.972577278,9.224920548
-1.264,0.645100327,1.243739729,0.645100327,0.381031151,0.381031151,0.979670552,9.272225935
-1.252,0.645188968,1.251751849,0.645188968,0.380301502,0.380301502,0.986864383,9.319430242
-1.239,0.64525543,1.259856897,0.64525543,0.379556624,0.379556624,0.994158091,9.366539773
-1.226,0.645300015,1.268054071,0.645300015,0.378796855,0.378796855,1.00155091,9.413562758
-1.214,0.64532306,1.276342545,0.64532306,0.378022549,0.378022549,1.009042035,9.460509072
-1.201,0.645324881,1.28472127,0.645324881,0.377234067,0.377234067,1.016630456,9.507390085
-1.189,0.645305852,1.293189261,0.645305852,0.376431788,0.376431788,1.024315196,9.554219243
-1.176,0.645266303,1.301745227,0.645266303,0.375616087,0.375616087,1.032095011,9.60101125
-1.164,0.645206613,1.310387841,0.645206613,0.374787368,0.374787368,1.039968597,9.647782414
-1.151,0.645127177,1.319115916,0.645127177,0.373946023,0.373946023,1.047934762,9.694551593
-1.138,0.645028373,1.327927834,0.645028373,0.373092468,0.373092468,1.055991929,9.741338134
-1.126,0.644910598,1.336821955,0.644910598,0.372227122,0.372227122,1.064138479,9.788163288
-1.113,0.644774289,1.345796643,0.644774289,0.371350424,0.371350424,1.072372778,9.83504982
-1.101,0.64461985,1.354849995,0.64461985,0.370462809,0.370462809,1.080692954,9.88202192
-1.088,0.644447714,1.363980093,0.644447714,0.369564724,0.369564724,1.089097103,9.929105559
-1.076,0.644258337,1.373184898,0.644258337,0.368656632,0.368656632,1.097583193,9.976327624
-1.063,0.644052154,1.382462128,0.644052154,0.367738996,0.367738996,1.10614897,10.02371678
-1.05,0.643829621,1.391809663,0.643829621,0.366812275,0.366812275,1.114792317,10.07130367
-1.038,0.643591212,1.401225041,0.643591212,0.365876957,0.365876957,1.123510785,10.11911955
-1.025,0.643337401,1.410705739,0.643337401,0.364933528,0.364933528,1.132301866,10.16719716
-1.013,0.643068667,1.420249125,0.643068667,0.363982479,0.363982479,1.141162938,10.21557084
-1,0.642785486,1.429852431,0.642785486,0.363024305,0.363024305,1.15009125,10.2642766
-0.987,0.642488353,1.439512728,0.642488353,0.362059516,0.362059516,1.159083892,10.31335075
-0.975,0.642177768,1.449227157,0.642177768,0.361088612,0.361088612,1.168138001,10.36283249
-0.962,0.641854238,1.45899257,0.641854238,0.360112115,0.360112115,1.177250447,10.41276113
-0.95,0.641518268,1.46880576,0.641518268,0.35913054,0.35913054,1.186418032,10.46317778
-0.937,0.64117036,1.478663312,0.64117036,0.358144414,0.358144414,1.195637366,10.51412414
-0.925,0.640811033,1.488561873,0.640811033,0.357154259,0.357154259,1.2049051,10.5656441
-0.912,0.640440805,1.498497844,0.640440805,0.35616061,0.35616061,1.214217649,10.61778174
-0.899,0.640060207,1.508467597,0.640060207,0.355164002,0.355164002,1.223571392,10.67058273
-0.887,0.639669741,1.518467243,0.639669741,0.354164969,0.354164969,1.23296247,10.7240934
-0.874,0.639269945,1.52849299,0.639269945,0.353164051,0.353164051,1.242387097,10.77836097
-0.862,0.638861345,1.538540824,0.638861345,0.352161791,0.352161791,1.25184127,10.83343341
-0.849,0.638444466,1.54860663,0.638444466,0.351158732,0.351158732,1.261320896,10.88935931
-0.837,0.63801984,1.558686127,0.63801984,0.350155426,0.350155426,1.270821714,10.94618698
-0.824,0.637587989,1.568775145,0.637587989,0.349152408,0.349152408,1.280339563,11.003966
-0.811,0.637149445,1.578869196,0.637149445,0.348150231,0.348150231,1.289869982,11.0627448
-0.799,0.63670472,1.588963756,0.63670472,0.347149435,0.347149435,1.29940847,11.12257243
-0.786,0.636254363,1.599054235,0.636254363,0.34615058,0.34615058,1.308950452,11.18349647
-0.774,0.635798895,1.609136044,0.635798895,0.345154205,0.345154205,1.318491354,11.24556425
-0.761,0.635338818,1.619204295,0.635338818,0.344160852,0.344160852,1.328026329,11.30882174
-0.748,0.634874681,1.629254222,0.634874681,0.343171075,0.343171075,1.337550616,11.37331328
-0.736,0.634406979,1.639280762,0.634406979,0.342185414,0.342185414,1.347059197,11.4390809
-0.723,0.633936246,1.64927909,0.633936246,0.341204408,0.341204408,1.356547252,11.50616541
-0.711,0.633462981,1.659244021,0.633462981,0.340228598,0.340228598,1.366009638,11.57460376
-0.698,0.632987688,1.669170396,0.632987688,0.339258518,0.339258518,1.375441226,11.64443008
-0.686,0.632510889,1.679053029,0.632510889,0.338294711,0.338294711,1.384836851,11.71567471
-0.673,0.63203307,1.6888867,0.63203307,0.337337697,0.337337697,1.394191327,11.78836457
-0.66,0.631554724,1.698666034,0.631554724,0.336388006,0.336388006,1.403499316,11.86252102
-0.648,0.631076357,1.708385699,0.631076357,0.335446168,0.335446168,1.412755511,11.93816068
-0.635,0.630598437,1.71804021,0.630598437,0.334512698,0.334512698,1.421954471,12.01529451
-0.623,0.630121453,1.72762424,0.630121453,0.333588107,0.333588107,1.431090895,12.09392823
-0.61,0.629645872,1.737132233,0.629645872,0.332672908,0.332672908,1.440159269,12.17405974
-0.598,0.629172165,1.746558715,0.629172165,0.331767603,0.331767603,1.449154153,12.25568078
-0.585,0.628700801,1.755898101,0.628700801,0.330872701,0.330872701,1.458070002,12.33877445
-0.572,0.628232226,1.765144947,0.628232226,0.329988685,0.329988685,1.466901406,12.42331772
-0.56,0.627766874,1.774293597,0.627766874,0.32911604,0.32911604,1.475642762,12.50927798
-0.547,0.627305207,1.783338587,0.627305207,0.328255252,0.328255252,1.484288632,12.59661405
-0.535,0.626847654,1.792274261,0.626847654,0.327406803,0.327406803,1.49283341,12.68527503
-0.522,0.626394632,1.801095158,0.626394632,0.326571149,0.326571149,1.501271674,12.77520213
-0.509,0.625946565,1.809795718,0.625946565,0.325748754,0.325748754,1.509597907,12.86632562
-0.497,0.625503851,1.818370393,0.625503851,0.324940068,0.324940068,1.51780661,12.95856621
-0.484,0.625066903,1.826813738,0.625066903,0.32414554,0.32414554,1.525892375,13.05183469
-0.472,0.624636116,1.835120265,0.624636116,0.32336561,0.32336561,1.533849759,13.14603114
-0.459,0.624211869,1.843284628,0.624211869,0.3226007,0.3226007,1.541673458,13.24104657
-0.447,0.623794531,1.85130136,0.623794531,0.321851233,0.321851233,1.549358062,13.3367604
-0.434,0.623384477,1.859165214,0.623384477,0.321117621,0.321117621,1.556898357,13.43304313
-0.421,0.622982066,1.866870893,0.622982066,0.320400269,0.320400269,1.564289096,13.52975429
-0.409,0.622587641,1.874413248,0.622587641,0.319699566,0.319699566,1.571525173,13.62674491
-0.396,0.622201542,1.881787125,0.622201542,0.319015899,0.319015899,1.578601482,13.72385565
-0.384,0.621824101,1.88898745,0.621824101,0.318349644,0.318349644,1.585512993,13.82091825
-0.371,0.621455642,1.896009335,0.621455642,0.317701165,0.317701165,1.592254858,13.91775681
-0.359,0.621096477,1.902847848,0.621096477,0.317070822,0.317070822,1.598822192,14.01418598
-0.346,0.620746902,1.909498262,0.620746902,0.316458952,0.316458952,1.605210312,14.11001473
-0.333,0.620407207,1.915955846,0.620407207,0.315865894,0.315865894,1.611414533,14.20504366
-0.321,0.62007767,1.922216057,0.62007767,0.315291969,0.315291969,1.617430356,14.2990689
-0.308,0.619758572,1.928274434,0.619758572,0.314737496,0.314737496,1.623253358,14.39188026
-0.296,0.619450179,1.934126688,0.619450179,0.314202777,0.314202777,1.628879286,14.48326392
-0.283,0.619152729,1.939768544,0.619152729,0.313688103,0.313688103,1.634303917,14.57300224
-0.27,0.618866468,1.945195988,0.618866468,0.313193749,0.313193749,1.63952327,14.66087627
-0.258,0.618591639,1.950405032,0.618591639,0.312719998,0.312719998,1.644533392,14.74666409
-0.245,0.618328441,1.95539188,0.618328441,0.312267094,0.312267094,1.649330534,14.83014516
-0.233,0.618077093,1.960152863,0.618077093,0.311835291,0.311835291,1.653911061,14.91109835
-0.22,0.617837812,1.964684543,0.617837812,0.311424828,0.311424828,1.658271558,14.98930529
-0.208,0.61761077,1.968983527,0.61761077,0.31103592,0.31103592,1.662408676,15.06455064
-0.195,0.617396143,1.973046578,0.617396143,0.310668781,0.310668781,1.666319217,15.13662258
-0.182,0.617194124,1.976870791,0.617194124,0.310323617,0.310323617,1.670000284,15.20531539
-0.17,0.617004843,1.980453203,0.617004843,0.310000606,0.310000606,1.673448965,15.27042921
-0.157,0.616828467,1.983791168,0.616828467,0.309699931,0.309699931,1.676662632,15.33177195
-0.145,0.616665122,1.986882178,0.616665122,0.30942175,0.30942175,1.679638806,15.38916011
-0.132,0.616514952,1.989723934,0.616514952,0.309166221,0.309166221,1.682375203,15.44241974
-0.12,0.616378055,1.992314226,0.616378055,0.308933477,0.308933477,1.684869648,15.49138749
-0.107,0.61625455,1.994651158,0.61625455,0.308723647,0.308723647,1.687120256,15.53591192
-0.094,0.616144523,1.996732922,0.616144523,0.308536843,0.308536843,1.689125242,15.57585366
-0.082,0.616048063,1.998557957,0.616048063,0.308373166,0.308373166,1.690883059,15.61108711
-0.069,0.615965247,2.000124846,0.615965247,0.308232708,0.308232708,1.692392307,15.64149976
-0.057,0.615896139,2.001432444,0.615896139,0.308115543,0.308115543,1.693651848,15.66699521
-0.044,0.615840782,2.002479698,0.615840782,0.308021733,0.308021733,1.694660649,15.68749106
-0.031,0.615799232,2.003265853,0.615799232,0.307951332,0.307951332,1.695417954,15.70292132
-0.019,0.61577151,2.003790278,0.61577151,0.307904376,0.307904376,1.695923144,15.7132361
-0.006,0.615757649,2.004052599,0.615757649,0.307880894,0.307880894,1.696175844,15.71840176
0.006,0.615757649,2.004052599,0.615757649,0.307880894,0.307880894,1.696175844,15.71840176
0.019,0.61577151,2.003790278,0.61577151,0.307904376,0.307904376,1.695923144,15.7132361
0.031,0.615799232,2.003265853,0.615799232,0.307951332,0.307951332,1.695417954,15.70292132
0.044,0.615840782,2.002479698,0.615840782,0.308021733,0.308021733,1.694660649,15.68749106
0.057,0.615896139,2.001432444,0.615896139,0.308115543,0.308115543,1.693651848,15.66699521
0.069,0.615965247,2.000124846,0.615965247,0.308232708,0.308232708,1.692392307,15.64149976
0.082,0.616048063,1.998557957,0.616048063,0.308373166,0.308373166,1.690883059,15.61108711
0.094,0.616144523,1.996732922,0.616144523,0.308536843,0.308536843,1.689125242,15.57585366
0.107,0.61625455,1.994651158,0.61625455,0.308723647,0.308723647,1.687120256,15.53591192
0.12,0.616378055,1.992314226,0.616378055,0.308933477,0.308933477,1.684869648,15.49138749
0.132,0.616514952,1.989723934,0.616514952,0.309166221,0.309166221,1.682375203,15.44241974
0.145,0.616665122,1.986882178,0.616665122,0.30942175,0.30942175,1.679638806,15.38916011
0.157,0.616828467,1.983791168,0.616828467,0.309699931,0.309699931,1.676662632,15.33177195
0.17,0.617004843,1.980453203,0.617004843,0.310000606,0.310000606,1.673448965,15.27042921
0.182,0.617194124,1.976870791,0.617194124,0.310323617,0.310323617,1.670000284,15.20531539
0.195,0.617396143,1.973046578,0.617396143,0.310668781,0.310668781,1.666319217,15.13662258
0.208,0.61761077,1.968983527,0.61761077,0.31103592,0.31103592,1.662408676,15.06455064
0.22,0.617837812,1.964684543,0.617837812,0.311424828,0.311424828,1.658271558,14.98930529
0.233,0.618077093,1.960152863,0.618077093,0.311835291,0.311835291,1.653911061,14.91109835
0.245,0.618328441,1.95539188,0.618328441,0.312267094,0.312267094,1.649330534,14.83014516
0.258,0.618591639,1.950405032,0.618591639,0.312719998,0.312719998,1.644533392,14.74666409
0.27,0.618866468,1.945195988,0.618866468,0.313193749,0.313193749,1.63952327,14.66087627
0.283,0.619152729,1.939768544,0.619152729,0.313688103,0.313688103,1.634303917,14.57300224
0.296,0.619450179,1.934126688,0.619450179,0.314202777,0.314202777,1.628879286,14.48326392
0.308,0.619758572,1.928274434,0.619758572,0.314737496,0.314737496,1.623253358,14.39188026
0.321,0.62007767,1.922216057,0.62007767,0.315291969,0.315291969,1.617430356,14.2990689
0.333,0.620407207,1.915955846,0.620407207,0.315865894,0.315865894,1.611414533,14.20504366
0.346,0.620746902,1.909498262,0.620746902,0.316458952,0.316458952,1.605210312,14.11001473
0.359,0.621096477,1.902847848,0.621096477,0.317070822,0.317070822,1.598822192,14.01418598
0.371,0.621455642,1.896009335,0.621455642,0.317701165,0.317701165,1.592254858,13.91775681
0.384,0.621824101,1.88898745,0.621824101,0.318349644,0.318349644,1.585512993,13.82091825
0.396,0.622201542,1.881787125,0.622201542,0.319015899,0.319015899,1.578601482,13.72385565
0.409,0.622587641,1.874413248,0.622587641,0.319699566,0.319699566,1.571525173,13.62674491
0.421,0.622982066,1.866870893,0.622982066,0.320400269,0.320400269,1.564289096,13.52975429
0.434,0.623384477,1.859165214,0.623384477,0.321117621,0.321117621,1.556898357,13.43304313
0.447,0.623794531,1.85130136,0.623794531,0.321851233,0.321851233,1.549358062,13.3367604
0.459,0.624211869,1.843284628,0.624211869,0.3226007,0.3226007,1.541673458,13.24104657
0.472,0.624636116,1.835120265,0.624636116,0.32336561,0.32336561,1.533849759,13.14603114
0.484,0.625066903,1.826813738,0.625066903,0.32414554,0.32414554,1.525892375,13.05183469
0.497,0.625503851,1.818370393,0.625503851,0.324940068,0.324940068,1.51780661,12.95856621
0.509,0.625946565,1.809795718,0.625946565,0.325748754,0.325748754,1.509597907,12.86632562
0.522,0.626394632,1.801095158,0.626394632,0.326571149,0.326571149,1.501271674,12.77520213
0.535,0.626847654,1.792274261,0.626847654,0.327406803,0.327406803,1.49283341,12.68527503
0.547,0.627305207,1.783338587,0.627305207,0.328255252,0.328255252,1.484288632,12.59661405
0.56,0.627766874,1.774293597,0.627766874,0.32911604,0.32911604,1.475642762,12.50927798
0.572,0.628232226,1.765144947,0.628232226,0.329988685,0.329988685,1.466901406,12.42331772
0.585,0.628700801,1.755898101,0.628700801,0.330872701,0.330872701,1.458070002,12.33877445
0.598,0.629172165,1.746558715,0.629172165,0.331767603,0.331767603,1.449154153,12.25568078
0.61,0.629645872,1.737132233,0.629645872,0.332672908,0.332672908,1.440159269,12.17405974
0.623,0.630121453,1.72762424,0.630121453,0.333588107,0.333588107,1.431090895,12.09392823
0.635,0.630598437,1.71804021,0.630598437,0.334512698,0.334512698,1.421954471,12.01529451
0.648,0.631076357,1.708385699,0.631076357,0.335446168,0.335446168,1.412755511,11.93816068
0.66,0.631554724,1.698666034,0.631554724,0.336388006,0.336388006,1.403499316,11.86252102
0.673,0.63203307,1.6888867,0.63203307,0.337337697,0.337337697,1.394191327,11.78836457
0.686,0.632510889,1.679053029,0.632510889,0.338294711,0.338294711,1.384836851,11.71567471
0.698,0.632987688,1.669170396,0.632987688,0.339258518,0.339258518,1.375441226,11.64443008
0.711,0.633462981,1.659244021,0.633462981,0.340228598,0.340228598,1.366009638,11.57460376
0.723,0.633936246,1.64927909,0.633936246,0.341204408,0.341204408,1.356547252,11.50616541
0.736,0.634406979,1.639280762,0.634406979,0.342185414,0.342185414,1.347059197,11.4390809
0.748,0.634874681,1.629254222,0.634874681,0.343171075,0.343171075,1.337550616,11.37331328
0.761,0.635338818,1.619204295,0.635338818,0.344160852,0.344160852,1.328026329,11.30882174
0.774,0.635798895,1.609136044,0.635798895,0.345154205,0.345154205,1.318491354,11.24556425
0.786,0.636254363,1.599054235,0.636254363,0.34615058,0.34615058,1.308950452,11.18349647
0.799,0.63670472,1.588963756,0.63670472,0.347149435,0.347149435,1.29940847,11.12257243
0.811,0.637149445,1.578869196,0.637149445,0.348150231,0.348150231,1.289869982,11.0627448
0.824,0.637587989,1.568775145,0.637587989,0.349152408,0.349152408,1.280339563,11.003966
0.837,0.63801984,1.558686127,0.63801984,0.350155426,0.350155426,1.270821714,10.94618698
0.849,0.638444466,1.54860663,0.638444466,0.351158732,0.351158732,1.261320896,10.88935931
0.862,0.638861345,1.538540824,0.638861345,0.352161791,0.352161791,1.25184127,10.83343341
0.874,0.639269945,1.52849299,0.639269945,0.353164051,0.353164051,1.242387097,10.77836097
0.887,0.639669741,1.518467243,0.639669741,0.354164969,0.354164969,1.23296247,10.7240934
0.899,0.640060207,1.508467597,0.640060207,0.355164002,0.355164002,1.223571392,10.67058273
0.912,0.640440805,1.498497844,0.640440805,0.35616061,0.35616061,1.214217649,10.61778174
0.925,0.640811033,1.488561873,0.640811033,0.357154259,0.357154259,1.2049051,10.5656441
0.937,0.64117036,1.478663312,0.64117036,0.358144414,0.358144414,1.195637366,10.51412414
0.95,0.641518268,1.46880576,0.641518268,0.35913054,0.35913054,1.186418032,10.46317778
0.962,0.641854238,1.45899257,0.641854238,0.360112115,0.360112115,1.177250447,10.41276113
0.975,0.642177768,1.449227157,0.642177768,0.361088612,0.361088612,1.168138001,10.36283249
0.987,0.642488353,1.439512728,0.642488353,0.362059516,0.362059516,1.159083892,10.31335075
1,0.642785486,1.429852431,0.642785486,0.363024305,0.363024305,1.15009125,10.2642766
1.013,0.643068667,1.420249125,0.643068667,0.363982479,0.363982479,1.141162938,10.21557084
1.025,0.643337401,1.410705739,0.643337401,0.364933528,0.364933528,1.132301866,10.16719716
1.038,0.643591212,1.401225041,0.643591212,0.365876957,0.365876957,1.123510785,10.11911955
1.05,0.643829621,1.391809663,0.643829621,0.366812275,0.366812275,1.114792317,10.07130367
1.063,0.644052154,1.382462128,0.644052154,0.367738996,0.367738996,1.10614897,10.02371678
1.076,0.644258337,1.373184898,0.644258337,0.368656632,0.368656632,1.097583193,9.976327624
1.088,0.644447714,1.363980093,0.644447714,0.369564724,0.369564724,1.089097103,9.929105559
1.101,0.64461985,1.354849995,0.64461985,0.370462809,0.370462809,1.080692954,9.88202192
1.113,0.644774289,1.345796643,0.644774289,0.371350424,0.371350424,1.072372778,9.83504982
1.126,0.644910598,1.336821955,0.644910598,0.372227122,0.372227122,1.064138479,9.788163288
1.138,0.645028373,1.327927834,0.645028373,0.373092468,0.373092468,1.055991929,9.741338134
1.151,0.645127177,1.319115916,0.645127177,0.373946023,0.373946023,1.047934762,9.694551593
1.164,0.645206613,1.310387841,0.645206613,0.374787368,0.374787368,1.039968597,9.647782414
1.176,0.645266303,1.301745227,0.645266303,0.375616087,0.375616087,1.032095011,9.60101125
1.189,0.645305852,1.293189261,0.645305852,0.376431788,0.376431788,1.024315196,9.554219243
1.201,0.645324881,1.28472127,0.645324881,0.377234067,0.377234067,1.016630456,9.507390085
1.214,0.64532306,1.276342545,0.64532306,0.378022549,0.378022549,1.009042035,9.460509072
1.226,0.645300015,1.268054071,0.645300015,0.378796855,0.378796855,1.00155091,9.413562758
1.239,0.64525543,1.259856897,0.64525543,0.379556624,0.379556624,0.994158091,9.366539773
1.252,0.645188968,1.251751849,0.645188968,0.380301502,0.380301502,0.986864383,9.319430242
1.264,0.645100327,1.243739729,0.645100327,0.381031151,0.381031151,0.979670552,9.272225935
1.277,0.644989217,1.235821254,0.644989217,0.38174524,0.38174524,0.972577278,9.224920548
1.289,0.644855356,1.227997088,0.644855356,0.382443447,0.382443447,0.965585179,9.177509636
1.302,0.644698459,1.22026755,0.644698459,0.383125472,0.383125472,0.958694563,9.129989869
1.315,0.644518296,1.212633179,0.644518296,0.383791024,0.383791024,0.951905907,9.082360036
1.327,0.644314609,1.205094279,0.644314609,0.384439811,0.384439811,0.945219481,9.034621157
1.34,0.644087179,1.197651102,0.644087179,0.385071566,0.385071566,0.938635489,8.986775424
1.352,0.643835801,1.190303829,0.643835801,0.385686031,0.385686031,0.93215406,8.938826779
1.365,0.643560272,1.183052538,0.643560272,0.386282958,0.386282958,0.925775224,8.8907813
1.377,0.643260425,1.175897292,0.643260425,0.386862117,0.386862117,0.919498984,8.842646212
1.39,0.642936083,1.168837981,0.642936083,0.38742328,0.38742328,0.913325179,8.794431207
1.403,0.642587098,1.161874446,0.642587098,0.387966246,0.387966246,0.907253595,8.746145652
1.415,0.642213341,1.155006511,0.642213341,0.388490818,0.388490818,0.901283988,8.697802148
1.428,0.641814697,1.148233923,0.641814697,0.388996812,0.388996812,0.895416038,8.649414265
1.44,0.641391057,1.141556325,0.641391057,0.389484057,0.389484057,0.889649325,8.600996873
1.453,0.64094235,1.13497335,0.64094235,0.389952401,0.389952401,0.883983401,8.55256583
1.465,0.640468488,1.12848448,0.640468488,0.390401694,0.390401694,0.878417686,8.504138467
1.478,0.639969431,1.122089238,0.639969431,0.390831811,0.390831811,0.872951617,8.455732976
1.491,0.639445128,1.115787074,0.639445128,0.39124262,0.39124262,0.867584567,8.407368943
1.503,0.63889558,1.109577314,0.63889558,0.391634039,0.391634039,0.862315774,8.359065617
1.516,0.638320769,1.103459295,0.638320769,0.392005965,0.392005965,0.857144491,8.310844023
1.528,0.637720699,1.097432248,0.637720699,0.392358317,0.392358317,0.852069866,8.262725453
1.541,0.63709542,1.091495485,0.63709542,0.392691036,0.392691036,0.847091101,8.214731676
1.554,0.636444954,1.085648114,0.636444954,0.393004063,0.393004063,0.842207222,8.166884692
1.566,0.635769375,1.079889318,0.635769375,0.39329736,0.39329736,0.837417303,8.119206827
1.579,0.635068759,1.074218186,0.635068759,0.393570904,0.393570904,0.832720331,8.071720334
1.591,0.634343196,1.068633819,0.634343196,0.393824672,0.393824672,0.828115294,8.02444795
1.604,0.633592778,1.063135095,0.633592778,0.394058668,0.394058668,0.823600985,7.977411069
1.616,0.632817646,1.057721111,0.632817646,0.394272904,0.394272904,0.819176369,7.930631951
1.629,0.632017939,1.052390813,0.632017939,0.394467403,0.394467403,0.814840277,7.884132118
1.642,0.631193813,1.047143125,0.631193813,0.394642201,0.394642201,0.810591512,7.837932438
1.654,0.630345414,1.041976864,0.630345414,0.394797337,0.394797337,0.806428787,7.792053432
1.667,0.629472957,1.036891003,0.629472957,0.394932882,0.394932882,0.802350927,7.746514841
1.679,0.628576619,1.031884304,0.628576619,0.395048898,0.395048898,0.798356583,7.701335609
1.692,0.627656637,1.026955659,0.627656637,0.395145474,0.395145474,0.794444496,7.65653414
1.704,0.626713221,1.022103797,0.626713221,0.395222705,0.395222705,0.790613281,7.612127069
1.717,0.625746603,1.017327463,0.625746603,0.395280689,0.395280689,0.786861549,7.568131121
1.73,0.624757049,1.012625422,0.624757049,0.395319548,0.395319548,0.783187921,7.52456136
1.742,0.623744835,1.007996451,0.623744835,0.39533941,0.39533941,0.779591026,7.481432204
1.755,0.622710242,1.003439248,0.622710242,0.395340414,0.395340414,0.77606942,7.438756768
1.767,0.621653551,0.998952473,0.621653551,0.395322703,0.395322703,0.772621625,7.39654706
1.78,0.620575089,0.99453487,0.620575089,0.395286443,0.395286443,0.769246224,7.354814127
1.793,0.619475161,0.990185097,0.619475161,0.395231793,0.395231793,0.765941729,7.313568089
1.805,0.618354099,0.985901744,0.618354099,0.395158941,0.395158941,0.762706586,7.272817183
1.818,0.617212249,0.981683527,0.617212249,0.395068069,0.395068069,0.759539347,7.2325694
1.83,0.616049965,0.977529061,0.616049965,0.394959376,0.394959376,0.756438472,7.19283127
1.843,0.614867618,0.973437005,0.614867618,0.39483307,0.39483307,0.753402458,7.153608293
1.855,0.613665569,0.969405937,0.613665569,0.39468936,0.39468936,0.750429728,7.114905104
1.868,0.61244421,0.965434494,0.61244421,0.394528472,0.394528472,0.747518756,7.076724996
1.881,0.611203932,0.961521281,0.611203932,0.394350635,0.394350635,0.744667984,7.039070822
1.893,0.60994516,0.95766497,0.60994516,0.394156092,0.394156092,0.741875902,7.001944759
1.906,0.608668283,0.953864108,0.608668283,0.393945084,0.393945084,0.73914091,6.965346333
1.918,0.607373722,0.950117287,0.607373722,0.393717865,0.393717865,0.73646143,6.929276236
1.931,0.6060619,0.946423091,0.6060619,0.393474692,0.393474692,0.733835883,6.893733523
1.943,0.60473327,0.942780185,0.60473327,0.393215836,0.393215836,0.731262751,6.85871683
1.956,0.603388271,0.939187148,0.603388271,0.39294157,0.39294157,0.728740447,6.824223781
1.969,0.602027348,0.935642573,0.602027348,0.392652169,0.392652169,0.726267395,6.790251765
1.981,0.60065096,0.932145082,0.60065096,0.392347921,0.392347921,0.723842043,6.756797188
1.994,0.599259584,0.928693279,0.599259584,0.392029119,0.392029119,0.721462813,6.723856155
2.006,0.597853644,0.925285717,0.597853644,0.391696044,0.391696044,0.719128117,6.691423841
2.019,0.596433646,0.921921093,0.596433646,0.391349007,0.391349007,0.716836454,6.659495677
2.032,0.595000059,0.918598012,0.595000059,0.390988307,0.390988307,0.714586261,6.628066138
2.044,0.593553358,0.915315067,0.593553358,0.390614254,0.390614254,0.712375962,6.597129285
2.057,0.592094019,0.91207089,0.592094019,0.390227153,0.390227153,0.710204024,6.56667926
2.069,0.590622544,0.908864164,0.590622544,0.389827325,0.389827325,0.708068946,6.536709272
2.082,0.589139414,0.90569352,0.589139414,0.389415087,0.389415087,0.705969192,6.507212896
2.094,0.587645121,0.902557612,0.587645121,0.388990757,0.388990757,0.703903249,6.478182714
2.107,0.586140159,0.899455135,0.586140159,0.388554658,0.388554658,0.701869634,6.449611808
2.12,0.58462501,0.896384707,0.58462501,0.388107114,0.388107114,0.699866812,6.421492122
2.132,0.583100184,0.89334509,0.583100184,0.387648454,0.387648454,0.697893361,6.393816607
2.145,0.581566167,0.890334938,0.581566167,0.387179006,0.387179006,0.695947777,6.366576575
2.157,0.580023484,0.887353053,0.580023484,0.386699105,0.386699105,0.694028675,6.339764952
2.17,0.57847257,0.884398023,0.57847257,0.386209066,0.386209066,0.692134519,6.313372354
2.182,0.576913953,0.88146867,0.576913953,0.385709229,0.385709229,0.690263946,6.287390851
2.195,0.575348116,0.878563729,0.575348116,0.385199921,0.385199921,0.688415534,6.261811869
2.208,0.573775552,0.875681965,0.573775552,0.384681478,0.384681478,0.686587891,6.236626779
2.22,0.572196748,0.872822194,0.572196748,0.384154225,0.384154225,0.684779671,6.211827459
2.233,0.57061219,0.869983188,0.57061219,0.383618496,0.383618496,0.682989494,6.187404465
2.245,0.569022363,0.867163808,0.569022363,0.383074618,0.383074618,0.681216063,6.16334949
2.258,0.567427743,0.864362867,0.567427743,0.38252292,0.38252292,0.679458044,6.139653685
2.271,0.565828804,0.861579217,0.565828804,0.381963726,0.381963726,0.677714139,6.116308405
2.283,0.564226017,0.858811755,0.564226017,0.381397361,0.381397361,0.675983099,6.093305064
2.296,0.562619847,0.856059336,0.562619847,0.38082415,0.38082415,0.674263638,6.070634667
2.308,0.561010764,0.85332093,0.561010764,0.380244412,0.380244412,0.672554578,6.04828922
2.321,0.559399213,0.850595424,0.559399213,0.379658464,0.379658464,0.670854675,6.026259933
2.333,0.557785655,0.847881818,0.557785655,0.379066622,0.379066622,0.669162784,6.004538986
2.346,0.556170536,0.845179101,0.556170536,0.378469199,0.378469199,0.667477763,5.983118396
2.359,0.554554314,0.842486282,0.554554314,0.377866511,0.377866511,0.665798479,5.961991033
2.371,0.552937376,0.839802316,0.552937376,0.377258849,0.377258849,0.664123788,5.941148134
2.384,0.551320162,0.83712629,0.551320162,0.376646516,0.376646516,0.662452644,5.920583252
2.396,0.549703107,0.834457319,0.549703107,0.376029816,0.376029816,0.660784028,5.900289998
2.409,0.548086613,0.831794449,0.548086613,0.375409042,0.375409042,0.659116878,5.880261506
2.421,0.546471091,0.829136844,0.546471091,0.374784485,0.374784485,0.657450238,5.860492006
2.434,0.544856934,0.826483647,0.544856934,0.374156428,0.374156428,0.655783141,5.840976296
2.447,0.54324453,0.823834036,0.54324453,0.373525152,0.373525152,0.654114657,5.821709109
2.459,0.541634269,0.821187237,0.541634269,0.372890935,0.372890935,0.652443903,5.802686252
2.472,0.540026511,0.818542473,0.540026511,0.372254042,0.372254042,0.650770004,5.783904035
2.484,0.538421628,0.815898991,0.538421628,0.371614747,0.371614747,0.64909211,5.765358738
2.497,0.536819968,0.813256094,0.536819968,0.370973302,0.370973302,0.647409429,5.747048001
2.51,0.535221883,0.810613118,0.535221883,0.370329967,0.370329967,0.645721202,5.728969809
2.522,0.533627712,0.807969401,0.533627712,0.369684992,0.369684992,0.644026681,5.711122494
2.535,0.532037777,0.805324322,0.532037777,0.369038618,0.369038618,0.642325163,5.693505703
2.547,0.530452397,0.802677284,0.530452397,0.368391082,0.368391082,0.64061597,5.676119316
2.56,0.528871911,0.800027772,0.528871911,0.367742633,0.367742633,0.638898493,5.658964118
2.572,0.527296561,0.797375161,0.527296561,0.36709347,0.36709347,0.63717207,5.642040427
2.585,0.525726667,0.794719037,0.525726667,0.366443823,0.366443823,0.635436192,5.625350938
2.598,0.524162498,0.792058877,0.524162498,0.365793905,0.365793905,0.633690284,5.608898141
2.61,0.522604333,0.789394255,0.522604333,0.365143928,0.365143928,0.63193385,5.592684724
2.623,0.521052427,0.786724783,0.521052427,0.364494088,0.364494088,0.630166444,5.576715295
2.635,0.519507032,0.784050091,0.519507032,0.363844582,0.363844582,0.62838764,5.560993653
2.648,0.517968386,0.781369802,0.517968386,0.363195599,0.363195599,0.626597014,5.545524744
2.66,0.516436715,0.778683632,0.516436715,0.362547316,0.362547316,0.624794233,5.530314184
2.673,0.51491224,0.775991287,0.51491224,0.361899912,0.361899912,0.622978959,5.515367757
2.686,0.513395167,0.773292494,0.513395167,0.361253554,0.361253554,0.621150882,5.500691674
2.698,0.511885695,0.770587081,0.511885695,0.360608402,0.360608402,0.619309788,5.48629305
2.711,0.510384009,0.767874821,0.510384009,0.359964611,0.359964611,0.617455423,5.472178856
2.723,0.508890289,0.765155564,0.508890289,0.35932233,0.35932233,0.615587606,5.458356402
2.736,0.507404699,0.762429199,0.507404699,0.358681699,0.358681699,0.613706199,5.444833543
2.749,0.505927401,0.759695612,0.505927401,0.358042855,0.358042855,0.611811066,5.431617949
2.761,0.504458561,0.756954761,0.504458561,0.357405937,0.357405937,0.609902137,5.418717945
2.774,0.502998264,0.754206565,0.502998264,0.356771039,0.356771039,0.60797934,5.406141513
2.786,0.501546661,0.751451035,0.501546661,0.356138289,0.356138289,0.606042662,5.393896912
2.799,0.500103873,0.748688194,0.500103873,0.355507797,0.355507797,0.604092118,5.381992295
2.811,0.498669999,0.745918088,0.498669999,0.35487966,0.35487966,0.602127749,5.370436221
2.824,0.497245138,0.7431408,0.497245138,0.354253976,0.354253976,0.600149638,5.359236716
2.837,0.495829375,0.740356433,0.495829375,0.35363083,0.35363083,0.598157888,5.348401903
2.849,0.494422787,0.737565126,0.494422787,0.353010306,0.353010306,0.596152644,5.337939746
2.862,0.493025441,0.734767024,0.493025441,0.352392477,0.352392477,0.59413406,5.327857896
2.874,0.491637394,0.731962319,0.491637394,0.351777414,0.351777414,0.59210234,5.318163942
2.887,0.490258691,0.729151219,0.490258691,0.351165178,0.351165178,0.590057706,5.30886519
2.899,0.488889373,0.726333963,0.488889373,0.350555823,0.350555823,0.588000413,5.299968955
2.912,0.487529468,0.7235108,0.487529468,0.349949402,0.349949402,0.585930733,5.291481562
2.925,0.486178999,0.720682036,0.486178999,0.349345956,0.349345956,0.583848994,5.283409954
2.937,0.484837972,0.717847954,0.484837972,0.348745524,0.348745524,0.581755506,5.275759947
2.95,0.483506395,0.71500888,0.483506395,0.34814814,0.34814814,0.579650624,5.268537335
2.962,0.48218426,0.71216518,0.48218426,0.347553825,0.347553825,0.577534745,5.261747928
2.975,0.480871568,0.709317312,0.480871568,0.346962605,0.346962605,0.575408349,5.255396536
2.988,0.479568265,0.706465451,0.479568265,0.346374491,0.346374491,0.573271677,5.24948779
3,0.478274338,0.703610111,0.478274338,0.345789493,0.345789493,0.571125266,5.24402613
3.013,0.476989747,0.700751734,0.476989747,0.345207613,0.345207613,0.5689696,5.239016035
3.025,0.475714447,0.697890729,0.475714447,0.344628853,0.344628853,0.566805135,5.234460608
3.038,0.474448386,0.695027561,0.474448386,0.344053206,0.344053206,0.564632382,5.230363229
3.05,0.473191501,0.69216272,0.473191501,0.343480659,0.343480659,0.562451879,5.226727175
3.063,0.471943726,0.689296684,0.471943726,0.342911195,0.342911195,0.560264153,5.223554949
3.076,0.470704987,0.686429944,0.470704987,0.342344795,0.342344795,0.558069752,5.22084866
3.088,0.469475203,0.683563015,0.469475203,0.341781431,0.341781431,0.555869244,5.218610288
3.101,0.468254285,0.680696424,0.468254285,0.341221075,0.341221075,0.553663213,5.216841461
3.113,0.467042143,0.677830694,0.467042143,0.340663692,0.340663692,0.551452243,5.215543288
3.126,0.465838675,0.674966379,0.465838675,0.340109242,0.340109242,0.549236946,5.214716804
3.138,0.464643777,0.672104021,0.464643777,0.339557684,0.339557684,0.547017928,5.214362453
3.151,0.463457338,0.669244192,0.463457338,0.339008969,0.339008969,0.544795823,5.214480652
3.164,0.462279243,0.666387438,0.462279243,0.338463051,0.338463051,0.542571245,5.215071097
3.176,0.461109396,0.663534373,0.461109396,0.337919885,0.337919885,0.540344862,5.216133509
3.189,0.459947622,0.660685509,0.459947622,0.337379391,0.337379391,0.538117279,5.217667051
3.201,0.458793818,0.657841432,0.458793818,0.336841521,0.336841521,0.535889135,5.21967093
3.214,0.457647836,0.655002838,0.457647836,0.336306201,0.336306201,0.533661203,5.222143432
3.227,0.456509564,0.652170101,0.456509564,0.335773387,0.335773387,0.531433924,5.225083021
3.239,0.45537883,0.649344058,0.45537883,0.335242984,0.335242984,0.529208211,5.228487432
3.252,0.454255518,0.646525042,0.454255518,0.334714945,0.334714945,0.526984469,5.232354458
3.264,0.453139449,0.643713884,0.453139449,0.33418917,0.33418917,0.524763605,5.236680941
3.277,0.452030502,0.64091095,0.452030502,0.333665608,0.333665608,0.522546056,5.241464516
3.289,0.450928491,0.638117012,0.450928491,0.333144157,0.333144157,0.520332678,5.246700562
3.302,0.449833288,0.635332478,0.449833288,0.332624757,0.332624757,0.518123946,5.25238656
3.315,0.448744708,0.632558089,0.448744708,0.332107307,0.332107307,0.515920689,5.258516811
3.327,0.447662611,0.629794254,0.447662611,0.33159174,0.33159174,0.513723383,5.265088442
3.34,0.446586813,0.627041711,0.446586813,0.331077954,0.331077954,0.511532852,5.272094716
3.352,0.44551717,0.62430083,0.44551717,0.330565879,0.330565879,0.509349539,5.27953196
3.365,0.444453493,0.621572383,0.444453493,0.330055407,0.330055407,0.507174298,5.287393499
3.377,0.443395658,0.618856741,0.443395658,0.329546483,0.329546483,0.505007566,5.295673825
3.39,0.442343441,0.616154492,0.442343441,0.32903898,0.32903898,0.502850031,5.304366461
3.403,0.441296693,0.613466181,0.441296693,0.32853282,0.32853282,0.500702309,5.313464845
3.415,0.440255252,0.610792309,0.440255252,0.328027919,0.328027919,0.498564975,5.322961783
3.428,0.439218945,0.60813342,0.439218945,0.327524178,0.327524178,0.496438653,5.332850694
3.44,0.438187602,0.605489977,0.438187602,0.327021511,0.327021511,0.494323887,5.34312355
3.453,0.437161056,0.602862517,0.437161056,0.326519824,0.326519824,0.492221284,5.353773209
3.466,0.436139137,0.600251475,0.436139137,0.326019027,0.326019027,0.490131366,5.364791316
3.478,0.435121677,0.597657335,0.435121677,0.325519029,0.325519029,0.488054688,5.376170146
3.491,0.434108509,0.595080556,0.434108509,0.325019738,0.325019738,0.485991786,5.387901526
3.503,0.433099471,0.592521579,0.433099471,0.324521068,0.324521068,0.483943176,5.399977068
3.516,0.432094397,0.589980839,0.432094397,0.324022926,0.324022926,0.481909368,5.412388855
3.528,0.431093123,0.587458742,0.431093123,0.323525226,0.323525226,0.479890845,5.425128179
3.541,0.430095491,0.584955676,0.430095491,0.323027882,0.323027882,0.477888067,5.438186822
3.554,0.429101339,0.582472074,0.429101339,0.322530802,0.322530802,0.475901537,5.451557271
3.566,0.428110517,0.58000828,0.428110517,0.322033908,0.322033908,0.473931671,5.465230951
3.579,0.42712288,0.577564753,0.42712288,0.321537118,0.321537118,0.47197899,5.479200062
3.591,0.42613825,0.575141649,0.42613825,0.321040341,0.321040341,0.47004374,5.493457475
3.604,0.425156494,0.572739381,0.425156494,0.320543505,0.320543505,0.468126393,5.507995436
3.616,0.424177467,0.57035831,0.424177467,0.320046527,0.320046527,0.46622737,5.52280761
3.629,0.423201025,0.567998693,0.423201025,0.319549334,0.319549334,0.464347002,5.537886739
3.642,0.42222703,0.565660831,0.42222703,0.319051849,0.319051849,0.46248565,5.553227223
3.654,0.42125535,0.563345006,0.42125535,0.318554003,0.318554003,0.460643658,5.568823256
3.667,0.420285848,0.56105145,0.420285848,0.318055723,0.318055723,0.458821325,5.5846695
3.679,0.419318396,0.558780393,0.419318396,0.317556943,0.317556943,0.45701894,5.600761147
3.692,0.418352879,0.556532123,0.418352879,0.317057598,0.317057598,0.455236841,5.617094671
3.705,0.417389169,0.554306802,0.417389169,0.316557623,0.316557623,0.453475256,5.633666356
3.717,0.41642715,0.552104598,0.41642715,0.316056961,0.316056961,0.451734409,5.650473015
3.73,0.415466715,0.549925737,0.415466715,0.315555553,0.315555553,0.450014575,5.667512953
3.742,0.414507757,0.547770365,0.414507757,0.315053345,0.315053345,0.448315954,5.684784093
3.755,0.413550175,0.54563865,0.413550175,0.314550286,0.314550286,0.446638761,5.702286005
3.767,0.412593868,0.543530667,0.412593868,0.314046328,0.314046328,0.444983128,5.720017913
3.78,0.411638746,0.541446589,0.411638746,0.313541425,0.313541425,0.443349267,5.737980535
3.793,0.410684739,0.539386516,0.410684739,0.313035543,0.313035543,0.441737321,5.756174284
3.805,0.409731728,0.537350487,0.409731728,0.312528625,0.312528625,0.440147384,5.774601823
3.818,0.408779652,0.535338606,0.408779652,0.312020643,0.312020643,0.438579596,5.79326533
3.83,0.407828439,0.533350911,0.407828439,0.311511564,0.311511564,0.437034036,5.812167359
3.843,0.406878022,0.531387465,0.406878022,0.311001359,0.311001359,0.435510802,5.831311773
3.855,0.405928341,0.529448282,0.405928341,0.310490004,0.310490004,0.434009945,5.850702574
3.868,0.404979345,0.527533421,0.404979345,0.309977475,0.309977475,0.432531551,5.870344635
3.881,0.404030968,0.525642798,0.404030968,0.30946375,0.30946375,0.43107558,5.890242821
3.893,0.403083175,0.523776458,0.403083175,0.308948818,0.308948818,0.429642101,5.91040296
3.906,0.402135921,0.521934364,0.402135921,0.308432662,0.308432662,0.428231104,5.930831339
3.918,0.401189174,0.52011647,0.401189174,0.307915275,0.307915275,0.42684257,5.95153428
3.931,0.400242906,0.518322725,0.400242906,0.307396653,0.307396653,0.425476472,5.972518953
3.944,0.399297088,0.516553048,0.399297088,0.306876793,0.306876793,0.424132752,5.993792266
3.956,0.398351706,0.514807353,0.398351706,0.306355697,0.306355697,0.422811345,6.015362014
3.969,0.397406743,0.513085588,0.397406743,0.305833368,0.305833368,0.421512213,6.03723611
3.981,0.396462193,0.511387597,0.396462193,0.305309818,0.305309818,0.420235222,6.05942239
3.994,0.395518079,0.509713289,0.395518079,0.304785073,0.304785073,0.418980283,6.081928724
4.006,0.394574357,0.50806253,0.394574357,0.304259119,0.304259119,0.417747292,6.104764462
4.019,0.39363106,0.506435174,0.39363106,0.30373199,0.30373199,0.416536104,6.127937946
4.032,0.392688201,0.504831071,0.392688201,0.303203709,0.303203709,0.415346579,6.151457349
4.044,0.391745799,0.503250041,0.391745799,0.302674302,0.302674302,0.414178545,6.175331537
4.057,0.39080388,0.501691927,0.39080388,0.3021438,0.3021438,0.413031847,6.199569368
4.069,0.389862473,0.500156538,0.389862473,0.301612232,0.301612232,0.411906297,6.2241796
4.082,0.388921621,0.498643678,0.388921621,0.301079642,0.301079642,0.4108017,6.249170623
4.094,0.38798135,0.497153133,0.38798135,0.30054606,0.30054606,0.409717844,6.274551564
4.107,0.387041715,0.49568468,0.387041715,0.300011536,0.300011536,0.408654501,6.300330626
4.12,0.386102769,0.494238123,0.386102769,0.299476115,0.299476115,0.407611468,6.326516644
4.132,0.385164562,0.492813188,0.385164562,0.298939845,0.298939845,0.406588471,6.353117939
4.145,0.38422715,0.491409644,0.38422715,0.298402775,0.298402775,0.405585269,6.380143087
4.157,0.383290608,0.490027245,0.383290608,0.297864966,0.297864966,0.404601604,6.407599971
4.17,0.382355003,0.488665714,0.382355003,0.297326478,0.297326478,0.403637189,6.435496462
4.183,0.381420403,0.487324772,0.381420403,0.296787367,0.296787367,0.402691736,6.463840806
4.195,0.380486889,0.486004155,0.380486889,0.296247698,0.296247698,0.401764964,6.492640466
4.208,0.379554549,0.484703583,0.379554549,0.29570754,0.29570754,0.400856574,6.52190282
4.22,0.378623463,0.483422732,0.378623463,0.295166961,0.295166961,0.399966231,6.551635165
4.233,0.377693725,0.482161317,0.377693725,0.294626035,0.294626035,0.399093627,6.581844283
4.245,0.376765426,0.480919007,0.376765426,0.294084835,0.294084835,0.398238416,6.612537065
4.258,0.375838667,0.479695502,0.375838667,0.293543438,0.293543438,0.397400273,6.64371951
4.271,0.374913556,0.478490487,0.374913556,0.293001928,0.293001928,0.396578858,6.675397719
4.283,0.373990193,0.477303615,0.373990193,0.292460383,0.292460383,0.395773805,6.707577248
4.296,0.373068718,0.476134631,0.373068718,0.291918904,0.291918904,0.394984817,6.740262223
4.308,0.372149174,0.474983008,0.372149174,0.291377543,0.291377543,0.394211377,6.773459545
4.321,0.371231718,0.473848529,0.371231718,0.290836405,0.290836405,0.393453216,6.807172469
4.333,0.370316465,0.472730809,0.370316465,0.290295582,0.290295582,0.392709926,6.84140464
4.346,0.369403529,0.471629474,0.369403529,0.289755163,0.289755163,0.391981108,6.876159131
4.359,0.368493052,0.470544228,0.368493052,0.289215246,0.289215246,0.391266423,6.911438587
4.371,0.367585142,0.469474637,0.367585142,0.288675923,0.288675923,0.390565418,6.947244838
4.384,0.366679926,0.468420324,0.366679926,0.288137288,0.288137288,0.389877687,6.983579038
4.396,0.365777548,0.467380981,0.365777548,0.287599443,0.287599443,0.389202876,7.020441734
4.409,0.364878138,0.466356193,0.364878138,0.287062488,0.287062488,0.388540543,7.057832244
4.422,0.363981816,0.465345552,0.363981816,0.286526517,0.286526517,0.387890253,7.09574971
4.434,0.363088733,0.464348717,0.363088733,0.285991639,0.285991639,0.387251623,7.134191592
4.447,0.362199014,0.463365264,0.362199014,0.28545795,0.28545795,0.3866242,7.173155321
4.459,0.361312803,0.462394826,0.361312803,0.284925556,0.284925556,0.386007578,7.212636559
4.472,0.360430249,0.461437028,0.360430249,0.284394564,0.284394564,0.385401343,7.25263032
4.484,0.359551477,0.460491448,0.359551477,0.283865073,0.283865073,0.384805045,7.29313058
4.497,0.358676636,0.459557713,0.358676636,0.283337191,0.283337191,0.384218268,7.334130178
4.51,0.357805866,0.458635417,0.357805866,0.282811023,0.282811023,0.383640574,7.375620867
4.522,0.356939317,0.4577242,0.356939317,0.282286676,0.282286676,0.38307156,7.417593477
4.535,0.356077118,0.456823633,0.356077118,0.281764252,0.281764252,0.382510767,7.460037544
4.547,0.355219421,0.455933334,0.355219421,0.28124386,0.28124386,0.381957773,7.502941464
4.56,0.354366357,0.455052878,0.354366357,0.280725602,0.280725602,0.381412124,7.546292651
4.572,0.353518085,0.454181941,0.353518085,0.28020959,0.28020959,0.380873445,7.590077406
4.585,0.35267475,0.453320123,0.35267475,0.279695929,0.279695929,0.380341302,7.634280813
4.598,0.351836475,0.452467006,0.351836475,0.279184717,0.279184717,0.379815248,7.678887443
4.61,0.351003407,0.451622191,0.351003407,0.278676064,0.278676064,0.379294848,7.723880082
4.623,0.35017569,0.450785328,0.35017569,0.278170072,0.278170072,0.378779711,7.769241461
4.635,0.349353465,0.449956046,0.349353465,0.277666847,0.277666847,0.378269428,7.814952611
4.648,0.348536867,0.449133958,0.348536867,0.277166489,0.277166489,0.37776358,7.860994541
4.661,0.347726024,0.448318659,0.347726024,0.276669098,0.276669098,0.377261734,7.907346803
4.673,0.34692109,0.447509842,0.34692109,0.276174781,0.276174781,0.376763533,7.953989034
4.686,0.34612219,0.446707127,0.34612219,0.275683634,0.275683634,0.376268571,8.000899626
4.698,0.345329442,0.445910104,0.345329442,0.275195751,0.275195751,0.375776413,8.048057266
4.711,0.344543039,0.445118484,0.344543039,0.274711263,0.274711263,0.375286708,8.095437171
4.723,0.343763003,0.44433192,0.343763003,0.274230202,0.274230202,0.374799119,8.143022706
4.736,0.342989528,0.443549989,0.342989528,0.273752707,0.273752707,0.374313168,8.190787378
4.749,0.342222716,0.442772487,0.342222716,0.273278851,0.273278851,0.373828622,8.238711051
4.761,0.34146271,0.441998982,0.34146271,0.272808744,0.272808744,0.373345015,8.286769462
4.774,0.340709598,0.441229222,0.340709598,0.272342455,0.272342455,0.372862079,8.334942785
4.786,0.339963528,0.440462837,0.339963528,0.271880092,0.271880092,0.3723794,8.38320732
4.799,0.339224586,0.439699585,0.339224586,0.271421723,0.271421723,0.371896722,8.431544244
4.811,0.338492902,0.438939088,0.338492902,0.270967447,0.270967447,0.371413633,8.479931146
4.824,0.337768566,0.438181163,0.337768566,0.27051733,0.27051733,0.370929928,8.528350439
4.837,0.337051703,0.437425444,0.337051703,0.270071469,0.270071469,0.37044521,8.576781374
4.849,0.336342399,0.436671754,0.336342399,0.269629928,0.269629928,0.369959282,8.625208127
4.862,0.335640751,0.435919691,0.335640751,0.269192789,0.269192789,0.36947173,8.673612352
4.874,0.334946859,0.435169162,0.334946859,0.268760122,0.268760122,0.368982424,8.721980135
4.887,0.334260812,0.434419808,0.334260812,0.268332,0.268332,0.368490997,8.770295919
4.9,0.333582699,0.433671486,0.333582699,0.26790849,0.26790849,0.367997278,8.818548226
4.912,0.332912594,0.432923892,0.332912594,0.267489657,0.267489657,0.367500955,8.866724542
4.925,0.332250594,0.432176932,0.332250594,0.267075566,0.267075566,0.367001904,8.914816125
4.937,0.331596766,0.431430319,0.331596766,0.266666279,0.266666279,0.366499832,8.962813818
4.95,0.330951179,0.430683909,0.330951179,0.26626185,0.26626185,0.36599458,9.01071173
4.962,0.330313902,0.429937488,0.330313902,0.265862338,0.265862338,0.365485924,9.058504351
4.975,0.329684997,0.429190926,0.329684997,0.265467791,0.265467791,0.36497372,9.106188969
4.988,0.329064547,0.428444116,0.329064547,0.26507827,0.26507827,0.364457839,9.153763699
5,0.328452574,0.427696839,0.328452574,0.264693809,0.264693809,0.363938073,9.201229083
5.013,0.327849154,0.426949012,0.327849154,0.264314461,0.264314461,0.36341432,9.248586958
5.025,0.327254322,0.42620051,0.327254322,0.263940264,0.263940264,0.362886452,9.295841077
5.038,0.326668135,0.425451258,0.326668135,0.263571261,0.263571261,0.362354385,9.342997148
5.05,0.326090623,0.424701137,0.326090623,0.263207485,0.263207485,0.361818,9.390062131
5.063,0.325521828,0.423950124,0.325521828,0.262848971,0.262848971,0.361277267,9.437045504
5.076,0.32496178,0.423198102,0.32496178,0.262495749,0.262495749,0.36073207,9.483957463
5.088,0.3244105,0.422445041,0.3244105,0.262147844,0.262147844,0.360182385,9.530810917
5.101,0.323868008,0.421690861,0.323868008,0.261805281,0.261805281,0.359628135,9.577619351
5.113,0.32333436,0.420935627,0.32333436,0.261468102,0.261468102,0.35906937,9.624397477
5.126,0.322809514,0.420179265,0.322809514,0.26113629,0.26113629,0.358506041,9.671165461
5.139,0.3222935,0.419421768,0.3222935,0.260809876,0.260809876,0.357938144,9.717940754
5.151,0.32178634,0.418663224,0.32178634,0.260488877,0.260488877,0.357365761,9.764743942
5.164,0.321288015,0.417903558,0.321288015,0.260173299,0.260173299,0.356788843,9.811596876
5.176,0.320798537,0.417142879,0.320798537,0.259863153,0.259863153,0.356207494,9.858522973
5.189,0.320317901,0.416381232,0.320317901,0.259558444,0.259558444,0.355621774,9.905547494
5.201,0.319846081,0.415618645,0.319846081,0.259259166,0.259259166,0.355031731,9.952696911
5.214,0.319383071,0.414855212,0.319383071,0.258965326,0.258965326,0.354437466,9.999999115
5.227,0.318928863,0.414091058,0.318928863,0.258676918,0.258676918,0.353839114,10.04748342
5.239,0.31848341,0.413326205,0.31848341,0.258393932,0.258393932,0.353236726,10.09518087
5.252,0.318046705,0.41256082,0.318046705,0.258116363,0.258116363,0.352630477,10.14312327
5.264,0.317618706,0.411795003,0.317618706,0.257844195,0.257844195,0.352020491,10.19134472
5.277,0.317199377,0.411028876,0.317199377,0.257577412,0.257577412,0.351406911,10.23987987
5.289,0.316788691,0.410262616,0.316788691,0.257316003,0.257316003,0.350789927,10.28876528
5.302,0.316386604,0.409496371,0.316386604,0.257059945,0.257059945,0.350169712,10.33803834
5.315,0.315993049,0.408730256,0.315993049,0.256809209,0.256809209,0.349546415,10.38773871
5.327,0.315607999,0.407964484,0.315607999,0.256563779,0.256563779,0.348920264,10.4379059
5.34,0.3152314,0.407199277,0.3152314,0.256323623,0.256323623,0.3482915,10.48858222
5.352,0.314863175,0.406434735,0.314863175,0.256088709,0.256088709,0.347660269,10.53980991
5.365,0.314503287,0.405671143,0.314503287,0.255859009,0.255859009,0.347026866,10.59163316
5.378,0.314151651,0.404908646,0.314151651,0.255634484,0.255634484,0.346391479,10.6440968
5.39,0.313808214,0.404147502,0.313808214,0.255415098,0.255415098,0.345754387,10.69724686
5.403,0.313472907,0.403387954,0.313472907,0.255200815,0.255200815,0.345115862,10.75113034
5.415,0.313145649,0.402630186,0.313145649,0.254991591,0.254991591,0.344476128,10.80579439
5.428,0.312826378,0.401874498,0.312826378,0.254787386,0.254787386,0.343835506,10.86128749
5.44,0.312514995,0.401121056,0.312514995,0.254588151,0.254588151,0.343194212,10.917658
5.453,0.312211434,0.400370203,0.312211434,0.254393839,0.254393839,0.342552608,10.97495553
5.466,0.311915601,0.399622131,0.311915601,0.254204402,0.254204402,0.341910932,11.03322829
5.478,0.311627414,0.398877152,0.311627414,0.254019787,0.254019787,0.341269526,11.09252566
5.491,0.311346787,0.398135526,0.311346787,0.253839946,0.253839946,0.340628685,11.15289557
5.503,0.311073623,0.39739752,0.311073623,0.253664821,0.253664821,0.339988718,11.21438584
5.516,0.310807831,0.396663422,0.310807831,0.253494358,0.253494358,0.339349948,11.27704295
5.528,0.310549324,0.395933554,0.310549324,0.253328503,0.253328503,0.338712733,11.34090941
5.541,0.310297982,0.395208104,0.310297982,0.253167189,0.253167189,0.338077311,11.40603386
5.554,0.310053712,0.394487413,0.310053712,0.253010357,0.253010357,0.337444059,11.4724552
5.566,0.309816429,0.393771833,0.309816429,0.252857953,0.252857953,0.336813358,11.54021226
5.579,0.309586016,0.393061596,0.309586016,0.25270991,0.25270991,0.336185491,11.60934067
5.591,0.309362373,0.392357011,0.309362373,0.252566166,0.252566166,0.335560804,11.67987264
5.604,0.3091454,0.391658404,0.3091454,0.252426659,0.252426659,0.334939663,11.75183663
5.617,0.308934976,0.390966066,0.308934976,0.252291316,0.252291316,0.334322405,11.82525753
5.629,0.308730999,0.390280279,0.308730999,0.252160076,0.252160076,0.333709355,11.90015388
5.642,0.308533367,0.38960137,0.308533367,0.252032873,0.252032873,0.333100875,11.97653964
5.654,0.308341968,0.388929651,0.308341968,0.251909638,0.251909638,0.332497321,12.05442335
5.667,0.308156687,0.388265409,0.308156687,0.251790304,0.251790304,0.331899025,12.13380664
5.679,0.307977409,0.387608946,0.307977409,0.251674797,0.251674797,0.331306334,12.21468452
5.692,0.307804022,0.386960515,0.307804022,0.251563053,0.251563053,0.330719547,12.29704438
5.705,0.307636432,0.386320521,0.307636432,0.251455005,0.251455005,0.330139094,12.38086676
5.717,0.307474513,0.385689219,0.307474513,0.251350579,0.251350579,0.329565285,12.46612324
5.73,0.307318154,0.385066871,0.307318154,0.251249708,0.251249708,0.328998425,12.55277693
5.742,0.307167239,0.384453791,0.307167239,0.251152317,0.251152317,0.328438869,12.64078266
5.755,0.307021666,0.383850279,0.307021666,0.251058345,0.251058345,0.327886957,12.73008484
5.767,0.306881325,0.383256648,0.306881325,0.250967719,0.250967719,0.327343041,12.82061951
5.78,0.306746091,0.382673121,0.306746091,0.250880367,0.250880367,0.326807397,12.91231206
5.793,0.306615864,0.382100029,0.306615864,0.250796221,0.250796221,0.326280386,13.00507851
5.805,0.306490535,0.381537636,0.306490535,0.250715216,0.250715216,0.325762316,13.09882415
5.818,0.306369998,0.380986243,0.306369998,0.250637281,0.250637281,0.325253526,13.19344481
5.83,0.306254132,0.380446055,0.306254132,0.250562348,0.250562348,0.324754271,13.28882517
5.843,0.306142842,0.37991736,0.306142842,0.250490354,0.250490354,0.324264872,13.38484022
5.856,0.306036024,0.379400467,0.306036024,0.250421229,0.250421229,0.323785672,13.48135561
5.868,0.305933577,0.378895621,0.305933577,0.250354912,0.250354912,0.323316956,13.57822597
5.881,0.305835389,0.378403012,0.305835389,0.250291336,0.250291336,0.32285896,13.67529688
5.893,0.305741359,0.377922924,0.305741359,0.250230435,0.250230435,0.322412,13.77240545
5.906,0.305651392,0.377455564,0.305651392,0.250172151,0.250172151,0.321976323,13.86937853
5.918,0.305565395,0.377001208,0.305565395,0.250116423,0.250116423,0.321552236,13.96603593
5.931,0.305483266,0.376560075,0.305483266,0.250063186,0.250063186,0.321139994,14.06218582
5.944,0.305404919,0.37613236,0.305404919,0.250012388,0.250012388,0.320739829,14.15763981
5.956,0.305330256,0.375718298,0.305330256,0.249963965,0.249963965,0.320352007,14.25219315
5.969,0.305259198,0.375318083,0.305259198,0.24991787,0.24991787,0.319976755,14.34563775
5.981,0.305191659,0.37493195,0.305191659,0.249874042,0.249874042,0.319614333,14.43776263
5.994,0.30512755,0.374560046,0.30512755,0.249832433,0.249832433,0.319264929,14.52835096
6.006,0.305066782,0.374202549,0.305066782,0.249792984,0.249792984,0.318928752,14.61718486
6.019,0.305009296,0.373859693,0.305009296,0.249755655,0.249755655,0.318606052,14.70404361
6.032,0.304954995,0.373531579,0.304954995,0.24972039,0.24972039,0.318296974,14.78870586
6.044,0.304903825,0.373218444,0.304903825,0.249687148,0.249687148,0.318001767,14.87095045
6.057,0.304855711,0.37292041,0.304855711,0.249655885,0.249655885,0.317720583,14.95055798
6.069,0.304810582,0.372637614,0.304810582,0.249626557,0.249626557,0.317453589,15.02731091
6.082,0.30476838,0.372370209,0.30476838,0.249599125,0.249599125,0.317200954,15.10099585
6.095,0.304729049,0.372118376,0.304729049,0.249573553,0.249573553,0.31696288,15.1714038
6.107,0.30469252,0.371882154,0.30469252,0.249549801,0.249549801,0.316739435,15.23833163
6.12,0.304658747,0.371661707,0.304658747,0.249527837,0.249527837,0.316530797,15.30158349
6.132,0.304627684,0.371457151,0.304627684,0.249507633,0.249507633,0.316337099,15.36097124
6.145,0.304599282,0.371268609,0.304599282,0.249489153,0.249489153,0.316158481,15.41631622
6.157,0.304573484,0.371096104,0.304573484,0.24947237,0.24947237,0.315994989,15.46744983
6.17,0.304550271,0.370939778,0.304550271,0.249457265,0.249457265,0.315846772,15.51421414
6.183,0.304529601,0.370799728,0.304529601,0.24944381,0.24944381,0.315713938,15.55646407
6.195,0.304511431,0.370675951,0.304511431,0.249431986,0.249431986,0.315596506,15.5940664
6.208,0.304495752,0.370568585,0.304495752,0.249421779,0.249421779,0.315494611,15.62690261
6.22,0.304482516,0.370477604,0.304482516,0.249413165,0.249413165,0.315408253,15.65486785
6.233,0.304471721,0.37040312,0.304471721,0.249406137,0.249406137,0.315337537,15.67787261
6.245,0.304463338,0.370345148,0.304463338,0.24940068,0.24940068,0.31528249,15.69584308
6.258,0.304457363,0.370303723,0.304457363,0.24939679,0.24939679,0.31524315,15.70872065
6.271,0.304453787,0.370278875,0.304453787,0.24939446,0.24939446,0.315219548,15.71646407
6.283,0.304452592,0.370270579,0.304452592,0.249393683,0.249393683,0.31521167,15.71904789
